seed,variant,split,protocol,input,n_frames,n_gt_lanes,n_pred_lanes,empty_prediction_frames,lane_precision_iou50,lane_recall_iou50,lane_f1_iou50,lane_f2_iou50,lane_tp_iou50,lane_fp_iou50,lane_fn_iou50,lane_precision_iou35,lane_recall_iou35,lane_f1_iou35,lane_f2_iou35,lane_tp_iou35,lane_fp_iou35,lane_fn_iou35,condition_f1_iou50_occlusion,condition_frames_occlusion,condition_f1_iou50_transition,condition_frames_transition,pixel_precision,pixel_recall,pixel_f1,anchor_precision,anchor_recall,anchor_f1,anchor_accuracy,anchor_tp,anchor_fp,anchor_fn,anchor_tn,jitter_px,jitter_p95_px,jitter_pairs,mean_current_frame_weight,pp_threshold,pp_min_points,pp_poly_degree,pp_duplicate_distance,pp_y_step,kf_q,kf_r,kf_alpha,kf_gate_px,kf_max_gap,kf_threshold,condition_f1_iou50_nominal,condition_frames_nominal,condition_f1_iou50_shaky,condition_frames_shaky,arm,in_channels,arm_variant
1,ufld_baseline,test,tuned,full,2610,5212,5212,0,0.8405602455871066,0.8405602455871066,0.8405602455871066,0.8405602455871066,4381,831,831,0.9600920951650038,0.9600920951650038,0.9600920951650038,0.960092095165004,5004,208,208,0.6429411764705882,852,0.9362186788154896,1758,0.8134714975736889,0.7729926925363716,0.7927156845153334,0.9309650753653028,0.9662552227856984,0.9482819334997536,0.9018795652948512,60590,4493,2116,157,1.4613671734357712,4.279342651367186,88227,,0.6,2,0,10.0,2.0,,,,,,,,,,,s2_t3,3,s2_t3/ufld_baseline
1,ufld_v04,test,tuned,full,2610,5212,5212,0,0.8578280890253261,0.8578280890253261,0.857828089025326,0.8578280890253261,4471,741,741,0.9593246354566384,0.9593246354566384,0.9593246354566384,0.9593246354566386,5000,212,212,0.7100000000000001,852,0.9293849658314348,1758,0.8193367718071692,0.7825197957117025,0.8005051841647844,0.928668696543599,0.967929703696616,0.9478928339957676,0.90125338502745,60695,4662,2011,209,1.521783506107507,4.6305633544921845,89802,0.6388846039772034,0.4,2,0,10.0,2.0,,,,,,,,,,,s2_t3,3,s2_t3/ufld_v04
2,ufld_baseline,test,tuned,full,2610,5212,5212,0,0.8206062931696086,0.8206062931696086,0.8206062931696086,0.8206062931696086,4277,935,935,0.9579815809669991,0.9579815809669991,0.9579815809669991,0.9579815809669994,4993,219,219,0.5911764705882353,852,0.9316628701594531,1758,0.8033804020735578,0.765429748923595,0.7839460486132668,0.9237852754188836,0.966287117660192,0.9445583295010794,0.8949661109552428,60592,4999,2114,16,1.4770539628231,4.28106689453125,90631,,0.4,2,0,10.0,2.0,,,,,,,,,,,s2_t3,3,s2_t3/ufld_baseline
2,ufld_v04,test,tuned,full,2610,5212,5212,0,0.861857252494244,0.861857252494244,0.8618572524942439,0.861857252494244,4492,720,720,0.9604758250191864,0.9604758250191864,0.9604758250191864,0.9604758250191864,5006,206,206,0.7123529411764706,852,0.934225512528474,1758,0.8183639261894315,0.7799415027510563,0.7986908870259561,0.9260725366427732,0.966287117660192,0.945752526632068,0.8974234106605277,60592,4837,2114,221,1.5762025320337985,4.854054260253907,90050,0.6371292471885681,0.4,2,0,10.0,2.0,,,,,,,,,,,s2_t3,3,s2_t3/ufld_v04
1,ufld_baseline,test,tuned,full,2610,5212,5212,0,0.8405602455871066,0.8405602455871066,0.8405602455871066,0.8405602455871066,4381,831,831,0.9600920951650038,0.9600920951650038,0.9600920951650038,0.960092095165004,5004,208,208,0.6429411764705882,852,0.9362186788154896,1758,0.8134714975736889,0.7729926925363716,0.7927156845153334,0.9309650753653028,0.9662552227856984,0.9482819334997536,0.9018795652948512,60590,4493,2116,157,1.4613671734357712,4.279342651367186,88227,,0.6,2,0,10.0,2.0,,,,,,,,,,,s5_t3,3,s5_t3/ufld_baseline
1,ufld_v04,test,tuned,full,2610,5212,5212,0,0.8643514965464313,0.8643514965464313,0.8643514965464313,0.8643514965464313,4505,707,707,0.9606676899462778,0.9606676899462778,0.9606676899462778,0.9606676899462778,5007,205,205,0.7288235294117648,852,0.9299544419134396,1758,0.8205468343419576,0.7841561557457509,0.801938869936008,0.9301038273926938,0.9700188179759512,0.9496420848848192,0.9044183014283176,60826,4571,1880,215,1.4847772616702255,4.396534729003907,90010,0.6722569465637207,0.4,2,0,10.0,2.0,,,,,,,,,,,s5_t3,3,s5_t3/ufld_v04
2,ufld_baseline,test,tuned,full,2610,5212,5212,0,0.8206062931696086,0.8206062931696086,0.8206062931696086,0.8206062931696086,4277,935,935,0.9579815809669991,0.9579815809669991,0.9579815809669991,0.9579815809669994,4993,219,219,0.5911764705882353,852,0.9316628701594531,1758,0.8033804020735578,0.765429748923595,0.7839460486132668,0.9237852754188836,0.966287117660192,0.9445583295010794,0.8949661109552428,60592,4999,2114,16,1.4770539628231,4.28106689453125,90631,,0.4,2,0,10.0,2.0,,,,,,,,,,,s5_t3,3,s5_t3/ufld_baseline
2,ufld_v04,test,tuned,full,2610,5212,5212,0,0.8532233307751343,0.8532233307751343,0.8532233307751343,0.8532233307751343,4447,765,765,0.9541442824251728,0.9541442824251728,0.9541442824251728,0.9541442824251726,4973,239,239,0.701764705882353,852,0.9265375854214124,1758,0.8166197493060585,0.7779774658679661,0.796830393402546,0.9235727158872225,0.9643415303160782,0.9435169293181463,0.8933788878416589,60470,5004,2236,194,1.5766535390459904,4.9418712615966776,90028,0.6716251969337463,0.4,2,0,10.0,2.0,,,,,,,,,,,s5_t3,3,s5_t3/ufld_v04
1,ufld_baseline,test,tuned,full,2610,5212,5212,0,0.8405602455871066,0.8405602455871066,0.8405602455871066,0.8405602455871066,4381,831,831,0.9600920951650038,0.9600920951650038,0.9600920951650038,0.960092095165004,5004,208,208,0.6429411764705882,852,0.9362186788154896,1758,0.8134714975736889,0.7729926925363716,0.7927156845153334,0.9309650753653028,0.9662552227856984,0.9482819334997536,0.9018795652948512,60590,4493,2116,157,1.4613671734357712,4.279342651367186,88227,,0.6,2,0,10.0,2.0,,,,,,,,,,,s5_t5,3,s5_t5/ufld_baseline
1,ufld_v04,test,tuned,full,2610,5212,5208,2,0.8317972350230415,0.8311588641596316,0.8314779270633397,0.8312864599324531,4332,876,880,0.9500768049155146,0.9493476592478894,0.9497120921305182,0.949493398833282,4948,260,264,0.6647058823529411,852,0.9122507122507122,1758,0.8063888375777803,0.7677152673427818,0.786576974277699,0.9307122139864648,0.9671801741460148,0.9485958285432748,0.9026957409956922,60648,4515,2058,330,1.2367668575410935,3.7746215820312488,89073,0.478492796421051,0.5,2,0,10.0,2.0,,,,,,,,,,,s5_t5,3,s5_t5/ufld_v04
2,ufld_baseline,test,tuned,full,2610,5212,5212,0,0.8206062931696086,0.8206062931696086,0.8206062931696086,0.8206062931696086,4277,935,935,0.9579815809669991,0.9579815809669991,0.9579815809669991,0.9579815809669994,4993,219,219,0.5911764705882353,852,0.9316628701594531,1758,0.8033804020735578,0.765429748923595,0.7839460486132668,0.9237852754188836,0.966287117660192,0.9445583295010794,0.8949661109552428,60592,4999,2114,16,1.4770539628231,4.28106689453125,90631,,0.4,2,0,10.0,2.0,,,,,,,,,,,s5_t5,3,s5_t5/ufld_baseline
2,ufld_v04,test,tuned,full,2610,5212,5212,0,0.8367229470452802,0.8367229470452802,0.8367229470452802,0.8367229470452802,4361,851,851,0.9493476592478894,0.9493476592478894,0.9493476592478894,0.9493476592478892,4948,264,264,0.6852941176470588,852,0.9100227790432802,1758,0.8065366628866419,0.7646411653273238,0.7850303418422069,0.9270673460617594,0.9632889994577872,0.9448311460793668,0.8960828508713778,60404,4752,2302,423,1.3017742172136202,4.167590332031267,89365,0.478745549917221,0.5,2,0,10.0,2.0,,,,,,,,,,,s5_t5,3,s5_t5/ufld_v04
1,ufld_baseline,test,tuned,full,2610,5212,5212,0,0.8405602455871066,0.8405602455871066,0.8405602455871066,0.8405602455871066,4381,831,831,0.9600920951650038,0.9600920951650038,0.9600920951650038,0.960092095165004,5004,208,208,0.6429411764705882,852,0.9362186788154896,1758,0.8134714975736889,0.7729926925363716,0.7927156845153334,0.9309650753653028,0.9662552227856984,0.9482819334997536,0.9018795652948512,60590,4493,2116,157,1.4613671734357712,4.279342651367186,88227,,0.6,2,0,10.0,2.0,,,,,,,,,,,s10_t3,3,s10_t3/ufld_baseline
1,ufld_v04,test,tuned,full,2610,5212,5205,2,0.8622478386167147,0.8610897927858787,0.8616684266103485,0.8613211530341995,4488,717,724,0.9650336215177714,0.9637375287797392,0.9643851396755304,0.9639964687368058,5023,182,189,0.7152941176470589,852,0.9325922759013824,1758,0.8221716381340795,0.7816395092158961,0.8013934019403809,0.9320940236595484,0.9675310177654451,0.9494819869166484,0.9042022792022792,60670,4420,2036,266,1.4640087695718664,4.26055908203125,88841,0.7163023352622986,0.6,2,0,10.0,2.0,,,,,,,,,,,s10_t3,3,s10_t3/ufld_v04
2,ufld_baseline,test,tuned,full,2610,5212,5212,0,0.8206062931696086,0.8206062931696086,0.8206062931696086,0.8206062931696086,4277,935,935,0.9579815809669991,0.9579815809669991,0.9579815809669991,0.9579815809669994,4993,219,219,0.5911764705882353,852,0.9316628701594531,1758,0.8033804020735578,0.765429748923595,0.7839460486132668,0.9237852754188836,0.966287117660192,0.9445583295010794,0.8949661109552428,60592,4999,2114,16,1.4770539628231,4.28106689453125,90631,,0.4,2,0,10.0,2.0,,,,,,,,,,,s10_t3,3,s10_t3/ufld_baseline
2,ufld_v04,test,tuned,full,2610,5212,5212,0,0.8541826554105909,0.8541826554105909,0.8541826554105909,0.8541826554105909,4452,760,760,0.956062931696086,0.956062931696086,0.956062931696086,0.9560629316960858,4983,229,229,0.7176470588235294,852,0.9202733485193622,1758,0.8155760931235667,0.7744338082030483,0.7944726622772199,0.927748948321921,0.9636717379517112,0.9453692115143928,0.8969349054793914,60428,4706,2278,351,1.5310508217697942,4.636138916015623,88997,0.7156544327735901,0.6,2,0,10.0,2.0,,,,,,,,,,,s10_t3,3,s10_t3/ufld_v04
