seed,variant,split,protocol,input,n_frames,n_gt_lanes,n_pred_lanes,empty_prediction_frames,lane_precision_iou50,lane_recall_iou50,lane_f1_iou50,lane_f2_iou50,lane_tp_iou50,lane_fp_iou50,lane_fn_iou50,lane_precision_iou35,lane_recall_iou35,lane_f1_iou35,lane_f2_iou35,lane_tp_iou35,lane_fp_iou35,lane_fn_iou35,condition_f1_iou50_occlusion,condition_frames_occlusion,condition_f1_iou50_transition,condition_frames_transition,pixel_precision,pixel_recall,pixel_f1,anchor_precision,anchor_recall,anchor_f1,anchor_accuracy,anchor_tp,anchor_fp,anchor_fn,anchor_tn,jitter_px,jitter_p95_px,jitter_pairs,mean_current_frame_weight,pp_threshold,pp_min_points,pp_poly_degree,pp_duplicate_distance,pp_y_step,condition_f1_iou50_nominal,condition_frames_nominal,condition_f1_iou50_rainy,condition_frames_rainy,condition_f1_iou50_shaky,condition_frames_shaky,arm,in_channels,kf_q,kf_r,kf_alpha,kf_gate_px,kf_max_gap,kf_threshold,arm_variant
1,ufld_baseline,test,tuned,full,2610,5212,5212,0,0.033960092095165,0.033960092095165,0.033960092095165,0.033960092095165,177,5035,5035,0.0861473522640061,0.0861473522640061,0.0861473522640061,0.0861473522640061,449,4763,4763,0.0117647058823529,852,0.0447038724373576,1758,0.1694800131743848,0.1434892750852054,0.1554054352556962,0.2488995171583933,0.2605970720505214,0.2546140122624825,0.146167987434854,16341,49312,46365,38,3.562317531299564,11.985488891601562,93551,,0.4,2,0,10.0,2.0,,,,,,,photometric,3,,,,,,,photometric/ufld_baseline
2,ufld_baseline,test,tuned,full,2610,5212,5212,0,0.0525709900230237,0.0525709900230237,0.0525709900230237,0.0525709900230237,274,4938,4938,0.1014965464313123,0.1014965464313123,0.1014965464313123,0.1014965464313123,529,4683,4683,0.0094117647058823,852,0.0734624145785877,1758,0.1878171872464741,0.157555027720345,0.1713602939704828,0.2637638398831974,0.2765764041718496,0.2700182160706223,0.1560815371461998,17343,48409,45363,0,3.4394128074507937,11.649487304687474,93669,,0.4,2,0,10.0,2.0,,,,,,,photometric,3,,,,,,,photometric/ufld_baseline
3,ufld_baseline,test,tuned,full,2610,5212,5212,0,0.1179969301611665,0.1179969301611665,0.1179969301611665,0.1179969301611665,615,4597,4597,0.2298541826554105,0.2298541826554105,0.2298541826554105,0.2298541826554105,1198,4014,4014,0.0435294117647058,852,0.1540432801822323,1758,0.3206574427671726,0.2842616907548817,0.301364667714912,0.4498501969491886,0.4717092463241157,0.4605204773507501,0.2991403721682847,29579,36174,33127,0,2.6522640253928143,10.170364379882812,93670,,0.4,2,0,10.0,2.0,,,,,,,photometric,3,,,,,,,photometric/ufld_baseline
1,ufld_baseline,test,tuned,full,2610,5212,5212,0,0.0201458173445894,0.0201458173445894,0.0201458173445894,0.0201458173445894,105,5107,5107,0.0729086722947045,0.0729086722947045,0.0729086722947045,0.0729086722947045,380,4832,4832,0.0252941176470588,852,0.0176537585421412,1758,0.1696614255036748,0.1449612446371438,0.1563417626385082,0.2524828519718331,0.2647434057346984,0.2584678141323556,0.1484368714184822,16601,49150,46105,3,3.8024310672662174,12.77398681640625,93666,,0.4,2,0,10.0,2.0,,,,,,,none,3,,,,,,,none/ufld_baseline
2,ufld_baseline,test,tuned,full,2610,5212,5212,0,0.1039907904834996,0.1039907904834996,0.1039907904834996,0.1039907904834996,542,4670,4670,0.2304297774366845,0.2304297774366845,0.2304297774366845,0.2304297774366845,1201,4011,4011,0.0405882352941176,852,0.1346810933940774,1758,0.299307944630838,0.2638060555442315,0.2804378802216409,0.4304689164105529,0.4512008420246866,0.4405911299364644,0.2826590518790686,28293,37433,34413,17,2.4394628511315104,9.432449340820312,93631,,0.4,2,0,10.0,2.0,,,,,,,none,3,,,,,,,none/ufld_baseline
3,ufld_baseline,test,tuned,full,2610,5212,5212,0,0.0807751343054489,0.0807751343054489,0.0807751343054489,0.0807751343054489,421,4791,4791,0.1600153491941673,0.1600153491941673,0.1600153491941673,0.1600153491941673,834,4378,4378,0.068235294117647,852,0.0868451025056947,1758,0.2465040134275273,0.2107393971052676,0.2272229887937117,0.3467388659041129,0.3635377794788377,0.3549396652393928,0.2157757249943211,22796,42948,39910,2,3.006402424039934,10.525210571289062,93657,,0.4,2,0,10.0,2.0,,,,,,,none,3,,,,,,,none/ufld_baseline
1,ufld_baseline,test,tuned,full,2610,5212,5212,0,0.8610897927858787,0.8610897927858787,0.8610897927858787,0.8610897927858787,4488,724,724,0.9464696853415197,0.9464696853415197,0.9464696853415197,0.9464696853415194,4933,279,279,0.7005882352941176,852,0.9387813211845104,1758,0.8349957189430723,0.7603697730804083,0.7959373679702377,0.9306465000461128,0.9655535355468376,0.9477787170094863,0.9014271784416276,60546,4512,2160,468,1.6774289876360882,4.8644165039062415,90309,,0.5,2,1,10.0,2.0,,,,,,,geometric,3,,,,,,,geometric/ufld_baseline
2,ufld_baseline,test,tuned,full,2610,5212,5212,0,0.8568687643898696,0.8568687643898696,0.8568687643898696,0.8568687643898696,4466,746,746,0.9485801995395242,0.9485801995395242,0.9485801995395242,0.948580199539524,4944,268,268,0.6752941176470588,852,0.944760820045558,1758,0.8379900866583788,0.7615314862672301,0.7979333907987745,0.9317092713292964,0.9642936880043376,0.9477214842678578,0.9013734679696624,60467,4432,2239,501,1.6159067997286898,4.65445556640625,88825,,0.6,2,1,10.0,2.0,,,,,,,geometric,3,,,,,,,geometric/ufld_baseline
3,ufld_baseline,test,tuned,full,2610,5212,5211,0,0.8576089042410286,0.8574443591711435,0.8575266238127218,0.8574772631336582,4469,742,743,0.9531759739013624,0.9529930928626248,0.9530845246090378,0.9530296634560036,4967,244,245,0.678235294117647,852,0.94432578670084,1758,0.843502703340088,0.758225336045122,0.7985938997989831,0.9352242416723529,0.9617420980448442,0.94829782215583,0.9024939948400108,60307,4177,2399,559,1.6826364780705978,4.796824645996093,89347,,0.6,2,1,10.0,2.0,,,,,,,geometric,3,,,,,,,geometric/ufld_baseline
1,ufld_baseline,test,tuned,full,2610,5212,5210,0,0.7516314779270633,0.7513430544896393,0.7514872385338707,0.7514007214674956,3916,1294,1296,0.8633397312859885,0.8630084420567921,0.8631740548838995,0.8630746795609794,4498,712,714,0.4611764705882353,852,0.8920535459982912,1758,0.7658475825325421,0.7195614920693554,0.7419833884245222,0.8901892545311754,0.921889452365005,0.9057620745035058,0.8288003643453881,57808,7131,4898,426,2.71840988510614,11.773983764648436,91483,,0.4,2,0,10.0,2.0,,,,,,,geometric_flip,3,,,,,,,geometric_flip/ufld_baseline
2,ufld_baseline,test,tuned,full,2610,5212,5212,0,0.7772448196469686,0.7772448196469686,0.7772448196469686,0.7772448196469686,4051,1161,1161,0.897544128933231,0.897544128933231,0.897544128933231,0.8975441289332311,4678,534,534,0.5129411764705882,852,0.9051822323462416,1758,0.8015952555831443,0.7170342951055739,0.7569604961083051,0.9132236516575952,0.9418556437980417,0.9273186892556016,0.8660570899463245,59060,5612,3646,801,2.3579276086583354,9.283049774169925,90640,,0.4,2,1,10.0,2.0,,,,,,,geometric_flip,3,,,,,,,geometric_flip/ufld_baseline
3,ufld_baseline,test,tuned,full,2610,5212,5212,0,0.7793553338449731,0.7793553338449731,0.7793553338449731,0.7793553338449731,4062,1150,1150,0.9023407521105142,0.9023407521105142,0.9023407521105142,0.9023407521105142,4703,509,509,0.518235294117647,852,0.905751708428246,1758,0.800378968129035,0.713427641535758,0.7544061122755464,0.9012666400221354,0.9350141932191496,0.9178303068252972,0.8491883350093378,58631,6423,4075,481,2.485824774009814,9.74986572265624,90843,,0.4,2,1,10.0,2.0,,,,,,,geometric_flip,3,,,,,,,geometric_flip/ufld_baseline
1,ufld_baseline,test,tuned,full,2610,5212,5212,0,0.1617421335379892,0.1617421335379892,0.1617421335379892,0.1617421335379892,843,4369,4369,0.2569071373752878,0.2569071373752878,0.2569071373752878,0.2569071373752878,1339,3873,3873,0.0152941176470588,852,0.232630979498861,1758,0.3098452771121166,0.2724555711719698,0.2899500222240225,0.4285214587705691,0.4493509393040538,0.4386890860968394,0.2809748411994057,28177,37577,34529,0,2.2764506039891077,7.902970886230458,93672,,0.4,2,0,10.0,2.0,,,,,,,photometric_extended,3,,,,,,,photometric_extended/ufld_baseline
2,ufld_baseline,test,tuned,full,2610,5212,5212,0,0.1579048349961627,0.1579048349961627,0.1579048349961627,0.1579048349961627,823,4389,4389,0.2678434382194934,0.2678434382194934,0.2678434382194934,0.2678434382194934,1396,3816,3816,0.068235294117647,852,0.2013097949886104,1758,0.3450554703215028,0.3104042552108256,0.3268139356223025,0.4998553439008421,0.5235065225018339,0.511407628973586,0.3439425158719367,32827,32846,29879,57,2.0311955119656093,8.218943786621066,93574,,0.4,2,0,10.0,2.0,,,,,,,photometric_extended,3,,,,,,,photometric_extended/ufld_baseline
3,ufld_baseline,test,tuned,full,2610,5212,5212,0,0.1316193399846508,0.1316193399846508,0.1316193399846508,0.1316193399846508,686,4526,4526,0.2379125095932463,0.2379125095932463,0.2379125095932463,0.2379125095932463,1240,3972,3972,0.0488235294117647,852,0.1716970387243735,1758,0.3117454184743172,0.2774409579008857,0.293594526251056,0.4435281408334982,0.4648677957452237,0.4539473171947146,0.2937236892460773,29150,36573,33556,15,2.140169482453956,7.760112762451172,93606,,0.4,2,0,10.0,2.0,,,,,,,photometric_extended,3,,,,,,,photometric_extended/ufld_baseline
1,ufld_baseline,test,tuned,full,2610,5212,5212,0,0.0001918649270913,0.0001918649270913,0.0001918649270913,0.0001918649270913,1,5211,5211,0.0032617037605525,0.0032617037605525,0.0032617037605525,0.0032617037605525,17,5195,5195,0.0005882352941176,852,0.0,1758,0.035330402139373,0.0241050425737611,0.0286576756286806,0.0533655747178878,0.055959557299142,0.0546317919975089,0.0280830085393474,3509,62245,59197,0,2.594146545420581,8.45743713378906,93672,,0.4,2,1,10.0,2.0,,,,,,,regularised,3,,,,,,,regularised/ufld_baseline
2,ufld_baseline,test,tuned,full,2610,5212,5212,0,0.0051803530314658,0.0051803530314658,0.0051803530314658,0.0051803530314658,27,5185,5185,0.0165003837298541,0.0165003837298541,0.0165003837298541,0.0165003837298541,86,5126,5126,0.0,852,0.0076879271070615,1758,0.0736882725556683,0.058694578861948,0.0653423321586476,0.112389825090195,0.1177399291933786,0.1150026869786677,0.0614748005352098,7383,58308,55323,60,2.9381467878267054,9.623394775390624,93602,,0.4,2,0,10.0,2.0,,,,,,,regularised,3,,,,,,,regularised/ufld_baseline
3,ufld_baseline,test,tuned,full,2610,5212,5212,0,0.0015349194167306,0.0015349194167306,0.0015349194167306,0.0015349194167306,8,5204,5204,0.0084420567920184,0.0084420567920184,0.0084420567920184,0.0084420567920184,44,5168,5168,0.0,852,0.0022779043280182,1758,0.0393758852990107,0.031190579051365,0.034808507821456,0.0611149136816487,0.0640768028577807,0.0625608208577589,0.0322904695699693,4018,61727,58688,0,3.620262097524718,12.221264648437495,93653,,0.4,2,0,10.0,2.0,,,,,,,regularised,3,,,,,,,regularised/ufld_baseline
1,ufld_baseline,test,tuned,full,2610,5212,5212,0,0.0468150422102839,0.0468150422102839,0.0468150422102839,0.0468150422102839,244,4968,4968,0.090176515732924,0.090176515732924,0.090176515732924,0.090176515732924,470,4742,4742,0.0211764705882352,852,0.0592255125284738,1758,0.1740992797706412,0.1428718906813108,0.1569473541181658,0.2497338564954223,0.2618728670302682,0.255659349213763,0.1465650353894626,16421,49333,46285,0,5.992132140871544,19.53436279296875,93672,,0.4,2,0,10.0,2.0,,,,,,,backbone_lr_0p1,3,,,,,,,backbone_lr_0p1/ufld_baseline
2,ufld_baseline,test,tuned,full,2610,5212,5212,0,0.0481580966999232,0.0481580966999232,0.0481580966999232,0.0481580966999232,251,4961,4961,0.0911358403683806,0.0911358403683806,0.0911358403683806,0.0911358403683806,475,4737,4737,0.0241176470588235,852,0.0597949886104783,1758,0.1942411189480479,0.16293163926079,0.1772140970703652,0.2854122621564482,0.2992536599368481,0.2921691202229609,0.1710988139409796,18765,46982,43941,3,5.346655107723822,18.77562255859373,93663,,0.4,2,0,10.0,2.0,,,,,,,backbone_lr_0p1,3,,,,,,,backbone_lr_0p1/ufld_baseline
3,ufld_baseline,test,tuned,full,2610,5212,5212,0,0.053914044512663,0.053914044512663,0.053914044512663,0.053914044512663,281,4931,4931,0.113008442056792,0.113008442056792,0.113008442056792,0.113008442056792,589,4623,4623,0.0205882352941176,852,0.0700455580865603,1758,0.1933335832477593,0.1641851780266112,0.1775711499497833,0.2799713724475035,0.2932095812202979,0.2864376017510924,0.1675526839508192,18386,47285,44320,52,5.254586756624943,17.806755065917958,93579,,0.4,2,0,10.0,2.0,,,,,,,backbone_lr_0p1,3,,,,,,,backbone_lr_0p1/ufld_baseline
1,ufld_baseline,test,tuned,full,2610,5212,5212,0,0.0704144282425172,0.0704144282425172,0.0704144282425172,0.0704144282425172,367,4845,4845,0.1306600153491941,0.1306600153491941,0.1306600153491941,0.1306600153491941,681,4531,4531,0.0070588235294117,852,0.1010820045558086,1758,0.2069268060792173,0.1741948408746138,0.1891552597222475,0.2946982601289694,0.3090134915319108,0.3016861542293979,0.1776386355093921,19377,46375,43329,0,2.831506414234666,9.682558441162108,93668,,0.4,2,0,10.0,2.0,,,,,,,freeze_stem_layer1,3,,,,,,,freeze_stem_layer1/ufld_baseline
2,ufld_baseline,test,tuned,full,2610,5212,5212,0,0.0932463545663852,0.0932463545663852,0.0932463545663852,0.0932463545663852,486,4726,4726,0.1605909439754413,0.1605909439754413,0.1605909439754413,0.1605909439754413,837,4375,4375,0.0129411764705882,852,0.1321184510250569,1758,0.2364656996560603,0.2060540843459347,0.2202148920041534,0.3406688668197649,0.3572225943290913,0.3487494064253963,0.2112106354893456,22400,43353,40306,1,2.5847985905492217,10.028592681884763,93670,,0.4,2,0,10.0,2.0,,,,,,,freeze_stem_layer1,3,,,,,,,freeze_stem_layer1/ufld_baseline
3,ufld_baseline,test,tuned,full,2610,5212,5212,0,0.0865310821181888,0.0865310821181888,0.0865310821181888,0.0865310821181888,451,4761,4761,0.1995395241749808,0.1995395241749808,0.1995395241749808,0.1995395241749808,1040,4172,4172,0.0358823529411764,852,0.1110478359908883,1758,0.2767344333041158,0.2420168945570618,0.2582139247388813,0.3932680017043033,0.4121455682071891,0.4024855554344271,0.2520031973173727,25844,39872,36862,8,2.780234015496832,9.96721801757813,93585,,0.4,2,0,10.0,2.0,,,,,,,freeze_stem_layer1,3,,,,,,,freeze_stem_layer1/ufld_baseline
1,ufld_baseline,test,tuned,full,2610,5212,5212,0,0.0481580966999232,0.0481580966999232,0.0481580966999232,0.0481580966999232,251,4961,4961,0.1143514965464313,0.1143514965464313,0.1143514965464313,0.1143514965464313,596,4616,4616,0.0052941176470588,852,0.0689066059225512,1758,0.1830943339993844,0.1531463571529212,0.16678665613761,0.2601210572740822,0.2727649666698561,0.2662930094971197,0.1535974711735335,17104,48650,45602,0,2.5298191266520464,8.568914031982422,93672,,0.4,2,0,10.0,2.0,,,,,,,current_frame_degradation,3,,,,,,,current_frame_degradation/ufld_baseline
2,ufld_baseline,test,tuned,full,2610,5212,5212,0,0.1156945510360706,0.1156945510360706,0.1156945510360706,0.1156945510360706,603,4609,4609,0.2099002302379125,0.2099002302379125,0.2099002302379125,0.2099002302379125,1094,4118,4118,0.0323529411764705,852,0.1560364464692483,1758,0.2976268492814822,0.2472105296765611,0.270086062000923,0.4291848116739247,0.4479316173890856,0.4383578746946961,0.280703157011083,28088,37357,34618,0,2.270697790350127,8.460958862304691,93335,,0.4,2,1,10.0,2.0,,,,,,,current_frame_degradation,3,,,,,,,current_frame_degradation/ufld_baseline
3,ufld_baseline,test,tuned,full,2610,5212,5212,0,0.1187643898695318,0.1187643898695318,0.1187643898695318,0.1187643898695318,619,4593,4593,0.2480813507290867,0.2480813507290867,0.2480813507290867,0.2480813507290867,1293,3919,3919,0.09,852,0.1326879271070615,1758,0.3067873234522202,0.2728974012625066,0.2888517145301414,0.432594869297952,0.4534015883647498,0.4427539165913975,0.2843328433284333,28431,37291,34275,2,2.281746912942651,8.558307647705073,93634,,0.4,2,0,10.0,2.0,,,,,,,current_frame_degradation,3,,,,,,,current_frame_degradation/ufld_baseline
1,ufld_baseline,test,tuned,full,2610,5212,5212,0,0.2363775901765157,0.2363775901765157,0.2363775901765157,0.2363775901765157,1232,3980,3980,0.3505372217958557,0.3505372217958557,0.3505372217958557,0.3505372217958557,1827,3385,3385,0.0564705882352941,852,0.3234624145785877,1758,0.406846081515804,0.3452911051806495,0.3735497608940945,0.5505520576694954,0.5773131757726533,0.5636151331153667,0.3923844828146847,36201,29553,26505,0,2.2129193859896903,8.850441741943357,93672,,0.4,2,1,10.0,2.0,,,,,,,small_head,3,,,,,,,small_head/ufld_baseline
2,ufld_baseline,test,tuned,full,2610,5212,5212,0,0.190905602455871,0.190905602455871,0.1909056024558711,0.190905602455871,995,4217,4217,0.3119723714504988,0.3119723714504988,0.3119723714504988,0.3119723714504988,1626,3586,3586,0.1176470588235294,852,0.2263667425968109,1758,0.3858519199377488,0.3561436372878588,0.3704030432067686,0.5513269752277644,0.5771058590884445,0.5639219597332169,0.3926819740440123,36188,29450,26518,0,1.9679667935529992,8.190402221679687,93537,,0.4,2,0,10.0,2.0,,,,,,,small_head,3,,,,,,,small_head/ufld_baseline
3,ufld_baseline,test,tuned,full,2610,5212,5212,0,0.2041442824251726,0.2041442824251726,0.2041442824251726,0.2041442824251726,1064,4148,4148,0.3559094397544129,0.3559094397544129,0.3559094397544129,0.3559094397544129,1855,3357,3357,0.1058823529411764,852,0.2517084282460137,1758,0.4103960864399438,0.3807620934195533,0.3950240975371473,0.5803698218075766,0.60614614231493,0.5929779948048706,0.4214482919203007,38009,27482,24697,1,1.7951016782523432,7.542613983154297,92896,,0.6,2,0,10.0,2.0,,,,,,,small_head,3,,,,,,,small_head/ufld_baseline
1,ufld_baseline,test,tuned,full,2610,5212,5212,0,0.1362240982348426,0.1362240982348426,0.1362240982348426,0.1362240982348426,710,4502,4502,0.2678434382194934,0.2678434382194934,0.2678434382194934,0.2678434382194934,1396,3816,3816,0.0841176470588235,852,0.1614464692482915,1758,0.3427828362210596,0.3032257276993116,0.3217931797225424,0.4825270868304593,0.5042579657449048,0.4931532486977135,0.3273515684022064,31620,33910,31086,11,2.919584197003196,10.85829925537109,93407,,0.6,2,0,10.0,2.0,,,,,,,more_scenes,3,,,,,,,more_scenes/ufld_baseline
2,ufld_baseline,test,tuned,full,2610,5212,5212,0,0.1036070606293169,0.1036070606293169,0.1036070606293169,0.1036070606293169,540,4672,4672,0.1886032233307751,0.1886032233307751,0.1886032233307751,0.1886032233307751,983,4229,4229,0.01,852,0.1489179954441913,1758,0.2774262246943693,0.2356911120016277,0.2548613766108965,0.3849406110747798,0.4036455841546263,0.3940712600907682,0.245385271648505,25311,40442,37395,0,3.4394218930340767,11.854339599609377,93671,,0.4,2,0,10.0,2.0,,,,,,,more_scenes,3,,,,,,,more_scenes/ufld_baseline
3,ufld_baseline,test,tuned,full,2610,5212,5212,0,0.1479278587874136,0.1479278587874136,0.1479278587874136,0.1479278587874136,771,4441,4441,0.2492325402916347,0.2492325402916347,0.2492325402916347,0.2492325402916347,1299,3913,3913,0.0511764705882352,852,0.1947608200455581,1758,0.317579335248277,0.2753558363865696,0.2949641973009275,0.4370629903267575,0.4575479220489267,0.4470709227041472,0.28841005484644,28691,36954,34015,73,3.438778353556062,12.775184631347656,93546,,0.4,2,0,10.0,2.0,,,,,,,more_scenes,3,,,,,,,more_scenes/ufld_baseline
