backend,mode,variant,device,peak_gpu_memory_mb,batch_throughput_fps,preprocess_ms_mean,preprocess_ms_p50,preprocess_ms_p95,model_ms_mean,model_ms_p50,model_ms_p95,postprocess_ms_mean,postprocess_ms_p50,postprocess_ms_p95,total_ms_mean,total_ms_p50,total_ms_p95,fps_total_mean
torch-fp32,single,ufld_baseline,NVIDIA GeForce RTX 3050,118.130859375,,10.083518666651798,10.403550002592965,11.707600001318497,7.932620666542789,7.928150000225287,9.027185000013558,1.104245999910442,1.112949999878765,1.3119399995048298,19.12038533310503,19.41119999901275,22.080265001022777,52.300201202985185
torch-fp32,cached,ufld_v02,NVIDIA GeForce RTX 3050,121.60009765625,,8.737319333207173,8.61694999912288,11.493444999541678,7.852537999982208,7.283050001205993,11.703739999757088,1.3575900000675272,1.3077500007057097,1.7855050000434844,17.947447333256907,17.623349998757476,22.00962499700836,55.71823008762834
torch-fp32,recompute,ufld_v02,NVIDIA GeForce RTX 3050,171.85009765625,,9.25333400007124,9.217750000971137,12.312390001534368,16.10324599998421,16.0342999988643,17.004469999483263,1.388581333400604,1.3733499999943888,1.8828199999916249,26.745161333456053,26.302999996914878,30.06619499938097,37.38994083946991
torch-fp32,cached,ufld_v03,NVIDIA GeForce RTX 3050,123.3720703125,,8.122009333286163,6.866100002298481,11.810424999021052,7.939689999911934,6.7636500007211,11.249469999165726,0.9370166668668389,0.7978500016179169,1.2358449996099794,16.998716000064935,15.7604000014544,22.692190004272558,58.82797265370985
torch-fp32,recompute,ufld_v03,NVIDIA GeForce RTX 3050,173.3720703125,,9.594504666771778,9.551299999657203,12.544814999273513,16.22492933330553,16.166449999218457,17.03172499892389,1.081581333540574,1.141450000432087,1.6797499998574488,26.90101533361788,26.38314999785507,30.27814000088256,37.17331809221014
torch-fp32,cached,ufld_v04,NVIDIA GeForce RTX 3050,121.97509765625,,8.395828666737847,7.512300000598771,11.555639999460253,7.507332666379322,6.630650001170579,10.634109998682101,0.9890606665915888,0.8359500006918097,1.4362150017404918,16.892221999708756,16.36270000017248,21.658610000486078,59.198843113549025
torch-fp32,recompute,ufld_v04,NVIDIA GeForce RTX 3050,172.69384765625,,9.845701999705247,10.25149999804853,12.882619999436427,16.225319333267787,16.040849999626516,16.85787999886088,1.1471839999285294,1.1462000002211425,1.720960002239735,27.21820533290156,27.311149999150075,30.888430000049993,36.74011521954362
torch-fp32,single,lite_baseline,NVIDIA GeForce RTX 3050,33.478515625,,8.398962666566755,7.459250000465545,11.199095000847592,4.244346000074681,3.8956500011408934,5.531919998975354,1.3468939999196057,1.2425500008248491,1.7960150000362733,13.990202666561041,13.540349997128942,18.224450001980586,71.47859282912104
torch-fp32,cached,lite_v05,NVIDIA GeForce RTX 3050,36.125,,8.467347333231979,7.527150000896654,11.853435000921307,8.505950000107987,7.834849999198923,13.375785001153414,1.300424666624167,1.080849999198108,1.8497000010029292,18.273721999964135,18.20765000229585,24.258070002906603,54.723389137799224
torch-fp32,recompute,lite_v05,NVIDIA GeForce RTX 3050,56.25,,9.79410933345207,9.855149999566493,13.135210001019002,14.439581999904476,14.795650000451133,17.797070000415253,1.421538000019306,1.513949999207398,2.0746600013808343,25.655229333375853,25.59454999754962,33.154424998792805,38.9784081446141
