variant,input,op,lane_f1,lane_f1_std,clean_lane_f1,n_seeds,frames,drop_vs_clean
lite_baseline,degraded,all,0.2607444359171144,0.0013566899101814297,0.3222371450498849,2,2610,-0.061492709132770496
lite_baseline,degraded,blur,0.25826771653543307,0.03563372755585751,0.3222371450498849,2,636,-0.06396942851445181
lite_baseline,degraded,darken,0.2632590315142198,0.016848816461785526,0.3222371450498849,2,652,-0.05897811353566507
lite_baseline,degraded,noise,0.2681327160493827,0.013640177106222003,0.3222371450498849,2,649,-0.05410442900050216
lite_baseline,degraded,occlude,0.2535315985130111,0.0010514598976751395,0.3222371450498849,2,673,-0.06870554653687377
lite_baseline,degraded+kalman,all,0.27695702225633156,0.0042057387215623555,0.3222371450498849,2,2610,-0.04528012279355331
lite_baseline,degraded+kalman,blur,0.2716535433070866,0.011135539861205471,0.3222371450498849,2,636,-0.0505836017427983
lite_baseline,degraded+kalman,darken,0.27786318216756345,0.012500734794227947,0.3222371450498849,2,652,-0.04437396288232143
lite_baseline,degraded+kalman,noise,0.2820216049382716,0.014731391274719766,0.3222371450498849,2,649,-0.04021554011161327
lite_baseline,degraded+kalman,occlude,0.27620817843866174,0.0005257299488375403,0.3222371450498849,2,673,-0.04602896661122313
lite_baseline_ct,degraded,all,0.2714888718342287,0.008411477443124671,0.32204528012279354,2,2610,-0.050556408288564836
lite_baseline_ct,degraded,blur,0.2696850393700787,0.01280587084038626,0.32204528012279354,2,636,-0.05236024075271484
lite_baseline_ct,degraded,darken,0.287086856264412,0.03424114313201578,0.32204528012279354,2,652,-0.03495842385838155
lite_baseline_ct,degraded,noise,0.2716049382716049,0.0032736425054932902,0.32204528012279354,2,649,-0.05044034185118862
lite_baseline_ct,degraded,occlude,0.25799256505576207,0.008411679181401331,0.32204528012279354,2,673,-0.06405271506703147
lite_baseline_ct,degraded+kalman,all,0.28722179585571755,0.011396195245523781,0.32204528012279354,2,2610,-0.03482348426707599
lite_baseline_ct,degraded+kalman,blur,0.29094488188976375,0.0016703309791808454,0.32204528012279354,2,636,-0.03110039823302979
lite_baseline_ct,degraded+kalman,darken,0.2986164488854727,0.02663200021379007,0.32204528012279354,2,652,-0.02342883123732087
lite_baseline_ct,degraded+kalman,noise,0.2743055555555556,0.007092892095235442,0.32204528012279354,2,649,-0.04773972456723796
lite_baseline_ct,degraded+kalman,occlude,0.28513011152416357,0.009988869027914071,0.32204528012279354,2,673,-0.03691516859862998
lite_v05,degraded,all,0.841615502686109,0.010989188272469386,0.8499616270145818,2,2610,-0.008346124328472815
lite_v05,degraded,blur,0.865748031496063,0.006124546923662976,0.8499616270145818,2,636,0.015786404481481275
lite_v05,degraded,darken,0.835511145272867,0.010870204168894006,0.8499616270145818,2,652,-0.014450481741714816
lite_v05,degraded,noise,0.8375771604938272,0.010366534600728634,0.8499616270145818,2,649,-0.012384466520754533
lite_v05,degraded,occlude,0.8286245353159851,0.016297628413965065,0.8499616270145818,2,673,-0.021337091698596655
lite_v05,degraded+kalman,all,0.8400805832693783,0.011531864236541966,0.8499616270145818,2,2610,-0.009881043745203488
lite_v05,degraded+kalman,blur,0.8586614173228346,0.010578762868145243,0.8499616270145818,2,636,0.008699790308252853
lite_v05,degraded+kalman,darken,0.8362797847809378,0.01087020416889389,0.8499616270145818,2,652,-0.013681842233643993
lite_v05,degraded+kalman,noise,0.8375771604938271,0.011457748769226476,0.8499616270145818,2,649,-0.012384466520754644
lite_v05,degraded+kalman,occlude,0.8286245353159851,0.013143248720939547,0.8499616270145818,2,673,-0.021337091698596655
lite_v05_static,degraded,all,0.6792977743668457,0.1447588134163556,0.7521105141980046,2,2610,-0.07281273983115888
lite_v05_static,degraded,blur,0.7311023622047244,0.13306970134140542,0.7521105141980046,2,636,-0.02100815199328021
lite_v05_static,degraded,darken,0.7405841660261338,0.16577061357563175,0.7521105141980046,2,652,-0.011526348171870815
lite_v05_static,degraded,noise,0.6967592592592593,0.14840512691569516,0.7521105141980046,2,649,-0.055351254938745265
lite_v05_static,degraded,occlude,0.554275092936803,0.13195821715823305,0.7521105141980046,2,673,-0.19783542126120157
lite_v05_static,degraded+kalman,all,0.6878357636224097,0.13295561119777752,0.7521105141980046,2,2610,-0.06427475057559484
lite_v05_static,degraded+kalman,blur,0.7350393700787401,0.12527482343856153,0.7521105141980046,2,636,-0.01707114411926447
lite_v05_static,degraded+kalman,darken,0.7413528055342045,0.1418561644040653,0.7521105141980046,2,652,-0.010757708663800103
lite_v05_static,degraded+kalman,noise,0.6986882716049383,0.13367373564097546,0.7521105141980046,2,649,-0.05342224259306627
lite_v05_static,degraded+kalman,occlude,0.5810408921933086,0.13090675726055787,0.7521105141980046,2,673,-0.171069622004696
lite_v06,degraded,all,0.5632194934765924,0.01695862387726753,0.5613967766692249,2,2610,0.0018227168073674527
lite_v06,degraded,blur,0.5598425196850394,0.026725295666893172,0.5613967766692249,2,636,-0.0015542569841855425
lite_v06,degraded,darken,0.5914681014604151,0.0005435102084446532,0.5613967766692249,2,652,0.030071324791190124
lite_v06,degraded,noise,0.5474537037037037,0.02236989045420407,0.5613967766692249,2,649,-0.01394307296552122
lite_v06,degraded,occlude,0.554275092936803,0.018400548209315346,0.5613967766692249,2,673,-0.007121683732421946
lite_v06,degraded+kalman,all,0.5612049117421336,0.015194926994031722,0.5613967766692249,2,2610,-0.00019186492709133418
lite_v06,degraded+kalman,blur,0.5637795275590551,0.030065957625254786,0.5613967766692249,2,636,0.0023827508898301986
lite_v06,degraded+kalman,darken,0.5883935434281322,0.0016305306253341168,0.5613967766692249,2,652,0.026996766758907276
lite_v06,degraded+kalman,noise,0.5424382716049383,0.016368212527466373,0.5613967766692249,2,649,-0.018958505064286646
lite_v06,degraded+kalman,occlude,0.5505576208178439,0.01314324872093951,0.5613967766692249,2,673,-0.010839155851381066
