seed,variant,clean_lane_f1,input,op,lane_f1,frames
1,lite_baseline,0.3094781273983116,degraded,all,0.261703760552571,2610
1,lite_baseline,0.3094781273983116,degraded,blur,0.28346456692913385,636
1,lite_baseline,0.3094781273983116,degraded,darken,0.2513451191391238,652
1,lite_baseline,0.3094781273983116,degraded,noise,0.25848765432098764,649
1,lite_baseline,0.3094781273983116,degraded,occlude,0.25427509293680295,673
1,lite_baseline,0.3094781273983116,degraded+kalman,all,0.27398311588641594,2610
1,lite_baseline,0.3094781273983116,degraded+kalman,blur,0.2795275590551181,636
1,lite_baseline,0.3094781273983116,degraded+kalman,darken,0.2690238278247502,652
1,lite_baseline,0.3094781273983116,degraded+kalman,noise,0.2716049382716049,649
1,lite_baseline,0.3094781273983116,degraded+kalman,occlude,0.2758364312267658,673
1,lite_baseline_ct,0.3077513430544896,degraded,all,0.26554105909439757,2610
1,lite_baseline_ct,0.3077513430544896,degraded,blur,0.27874015748031494,636
1,lite_baseline_ct,0.3077513430544896,degraded,darken,0.26287471176018445,652
1,lite_baseline_ct,0.3077513430544896,degraded,noise,0.2692901234567901,649
1,lite_baseline_ct,0.3077513430544896,degraded,occlude,0.2520446096654275,673
1,lite_baseline_ct,0.3077513430544896,degraded+kalman,all,0.2791634689178818,2610
1,lite_baseline_ct,0.3077513430544896,degraded+kalman,blur,0.28976377952755905,636
1,lite_baseline_ct,0.3077513430544896,degraded+kalman,darken,0.2797847809377402,652
1,lite_baseline_ct,0.3077513430544896,degraded+kalman,noise,0.2692901234567901,649
1,lite_baseline_ct,0.3077513430544896,degraded+kalman,occlude,0.27806691449814125,673
1,lite_v05,0.843630084420568,degraded,all,0.8338449731389103,2610
1,lite_v05,0.843630084420568,degraded,blur,0.8614173228346457,636
1,lite_v05,0.843630084420568,degraded,darken,0.8278247501921597,652
1,lite_v05,0.843630084420568,degraded,noise,0.830246913580247,649
1,lite_v05,0.843630084420568,degraded,occlude,0.817100371747212,673
1,lite_v05,0.843630084420568,degraded+kalman,all,0.8319263238679969,2610
1,lite_v05,0.843630084420568,degraded+kalman,blur,0.8511811023622047,636
1,lite_v05,0.843630084420568,degraded+kalman,darken,0.8285933897002306,652
1,lite_v05,0.843630084420568,degraded+kalman,noise,0.8294753086419753,649
1,lite_v05,0.843630084420568,degraded+kalman,occlude,0.8193308550185873,673
1,lite_v05_static,0.8773983115886416,degraded,all,0.7816577129700689,2610
1,lite_v05_static,0.8773983115886416,degraded,blur,0.8251968503937008,636
1,lite_v05_static,0.8773983115886416,degraded,darken,0.8578016910069177,652
1,lite_v05_static,0.8773983115886416,degraded,noise,0.8016975308641975,649
1,lite_v05_static,0.8773983115886416,degraded,occlude,0.6475836431226766,673
1,lite_v05_static,0.8773983115886416,degraded+kalman,all,0.7818495778971604,2610
1,lite_v05_static,0.8773983115886416,degraded+kalman,blur,0.8236220472440945,636
1,lite_v05_static,0.8773983115886416,degraded+kalman,darken,0.8416602613374328,652
1,lite_v05_static,0.8773983115886416,degraded+kalman,noise,0.7932098765432098,649
1,lite_v05_static,0.8773983115886416,degraded+kalman,occlude,0.6736059479553903,673
1,lite_v06,0.5805832693783577,degraded,all,0.5752110514198004,2610
1,lite_v06,0.5805832693783577,degraded,blur,0.5787401574803149,636
1,lite_v06,0.5805832693783577,degraded,darken,0.5918524212144505,652
1,lite_v06,0.5805832693783577,degraded,noise,0.5632716049382716,649
1,lite_v06,0.5805832693783577,degraded,occlude,0.5672862453531599,673
1,lite_v06,0.5805832693783577,degraded+kalman,all,0.5719493476592479,2610
1,lite_v06,0.5805832693783577,degraded+kalman,blur,0.5850393700787402,636
1,lite_v06,0.5805832693783577,degraded+kalman,darken,0.5895465026902382,652
1,lite_v06,0.5805832693783577,degraded+kalman,noise,0.5540123456790124,649
1,lite_v06,0.5805832693783577,degraded+kalman,occlude,0.5598513011152416,673
2,lite_baseline,0.3349961627014581,degraded,all,0.2597851112816577,2610
2,lite_baseline,0.3349961627014581,degraded,blur,0.23307086614173228,636
2,lite_baseline,0.3349961627014581,degraded,darken,0.2751729438893159,652
2,lite_baseline,0.3349961627014581,degraded,noise,0.2777777777777778,649
2,lite_baseline,0.3349961627014581,degraded,occlude,0.2527881040892193,673
2,lite_baseline,0.3349961627014581,degraded+kalman,all,0.27993092862624713,2610
2,lite_baseline,0.3349961627014581,degraded+kalman,blur,0.2637795275590551,636
2,lite_baseline,0.3349961627014581,degraded+kalman,darken,0.28670253651037664,652
2,lite_baseline,0.3349961627014581,degraded+kalman,noise,0.2924382716049383,649
2,lite_baseline,0.3349961627014581,degraded+kalman,occlude,0.2765799256505576,673
2,lite_baseline_ct,0.3363392171910975,degraded,all,0.27743668457405984,2610
2,lite_baseline_ct,0.3363392171910975,degraded,blur,0.2606299212598425,636
2,lite_baseline_ct,0.3363392171910975,degraded,darken,0.31129900076863953,652
2,lite_baseline_ct,0.3363392171910975,degraded,noise,0.27391975308641975,649
2,lite_baseline_ct,0.3363392171910975,degraded,occlude,0.26394052044609667,673
2,lite_baseline_ct,0.3363392171910975,degraded+kalman,all,0.2952801227935533,2610
2,lite_baseline_ct,0.3363392171910975,degraded+kalman,blur,0.2921259842519685,636
2,lite_baseline_ct,0.3363392171910975,degraded+kalman,darken,0.31744811683320523,652
2,lite_baseline_ct,0.3363392171910975,degraded+kalman,noise,0.279320987654321,649
2,lite_baseline_ct,0.3363392171910975,degraded+kalman,occlude,0.2921933085501859,673
2,lite_v05,0.8562931696085956,degraded,all,0.8493860322333078,2610
2,lite_v05,0.8562931696085956,degraded,blur,0.8700787401574803,636
2,lite_v05,0.8562931696085956,degraded,darken,0.8431975403535742,652
2,lite_v05,0.8562931696085956,degraded,noise,0.8449074074074074,649
2,lite_v05,0.8562931696085956,degraded,occlude,0.8401486988847584,673
2,lite_v05,0.8562931696085956,degraded+kalman,all,0.8482348426707598,2610
2,lite_v05,0.8562931696085956,degraded+kalman,blur,0.8661417322834646,636
2,lite_v05,0.8562931696085956,degraded+kalman,darken,0.8439661798616449,652
2,lite_v05,0.8562931696085956,degraded+kalman,noise,0.845679012345679,649
2,lite_v05,0.8562931696085956,degraded+kalman,occlude,0.8379182156133829,673
2,lite_v05_static,0.6268227168073676,degraded,all,0.5769378357636225,2610
2,lite_v05_static,0.6268227168073676,degraded,blur,0.637007874015748,636
2,lite_v05_static,0.6268227168073676,degraded,darken,0.6233666410453498,652
2,lite_v05_static,0.6268227168073676,degraded,noise,0.591820987654321,649
2,lite_v05_static,0.6268227168073676,degraded,occlude,0.46096654275092935,673
2,lite_v05_static,0.6268227168073676,degraded+kalman,all,0.5938219493476592,2610
2,lite_v05_static,0.6268227168073676,degraded+kalman,blur,0.6464566929133858,636
2,lite_v05_static,0.6268227168073676,degraded+kalman,darken,0.6410453497309762,652
2,lite_v05_static,0.6268227168073676,degraded+kalman,noise,0.6041666666666666,649
2,lite_v05_static,0.6268227168073676,degraded+kalman,occlude,0.4884758364312268,673
2,lite_v06,0.5422102839600921,degraded,all,0.5512279355333844,2610
2,lite_v06,0.5422102839600921,degraded,blur,0.5409448818897638,636
2,lite_v06,0.5422102839600921,degraded,darken,0.5910837817063798,652
2,lite_v06,0.5422102839600921,degraded,noise,0.5316358024691358,649
2,lite_v06,0.5422102839600921,degraded,occlude,0.5412639405204461,673
2,lite_v06,0.5422102839600921,degraded+kalman,all,0.5504604758250192,2610
2,lite_v06,0.5422102839600921,degraded+kalman,blur,0.5425196850393701,636
2,lite_v06,0.5422102839600921,degraded+kalman,darken,0.5872405841660261,652
2,lite_v06,0.5422102839600921,degraded+kalman,noise,0.5308641975308642,649
2,lite_v06,0.5422102839600921,degraded+kalman,occlude,0.5412639405204461,673
