seed,variant,split,protocol,input,n_frames,n_gt_lanes,n_pred_lanes,empty_prediction_frames,lane_precision_iou50,lane_recall_iou50,lane_f1_iou50,lane_f2_iou50,lane_tp_iou50,lane_fp_iou50,lane_fn_iou50,lane_precision_iou35,lane_recall_iou35,lane_f1_iou35,lane_f2_iou35,lane_tp_iou35,lane_fp_iou35,lane_fn_iou35,condition_f1_iou50_occlusion,condition_frames_occlusion,condition_f1_iou50_transition,condition_frames_transition,pixel_precision,pixel_recall,pixel_f1,anchor_precision,anchor_recall,anchor_f1,anchor_accuracy,anchor_tp,anchor_fp,anchor_fn,anchor_tn,jitter_px,jitter_p95_px,jitter_pairs,mean_current_frame_weight,pp_threshold,pp_min_points,pp_poly_degree,pp_duplicate_distance,pp_y_step,kf_q,kf_r,kf_alpha,kf_gate_px,kf_max_gap,kf_threshold,condition_f1_iou50_nominal,condition_frames_nominal,condition_f1_iou50_rainy,condition_frames_rainy,condition_f1_iou50_shaky,condition_frames_shaky
1,ufld_baseline,test,tuned,full,2610,5212,5212,0,0.8812356101304681,0.8812356101304681,0.8812356101304681,0.8812356101304681,4593,619,619,0.9556792018419032,0.9556792018419032,0.9556792018419032,0.9556792018419034,4981,231,231,0.7358823529411765,852,0.9515945330296127,1758,0.8296924789704079,0.7896995500178591,0.8092021765791715,0.9314021354493788,0.9696201320447804,0.950126968004063,0.9054384379490674,60801,4478,1905,317,1.5071163854914933,4.256851196289059,89592,,0.6,2,0,10.0,2.0,,,,,,,,,,,,
1,ufld_baseline,test,common,full,2610,5212,5212,0,0.8804681504221028,0.8804681504221028,0.8804681504221028,0.8804681504221028,4589,623,623,0.955487336914812,0.955487336914812,0.955487336914812,0.9554873369148119,4980,232,232,0.7341176470588237,852,0.9513097949886105,1758,0.8290536993305692,0.7898481148490795,0.8089761785296756,0.9306983718937446,0.9699709756642108,0.9499289384497649,0.9050453892517067,60823,4529,1883,292,1.5381268257098124,4.351318359375,90156,,0.5,3,0,10.0,2.0,,,,,,,,,,,,
1,ufld_baseline,test,tuned,kalman,2610,5212,5212,0,0.8825786646201075,0.8825786646201075,0.8825786646201075,0.8825786646201075,4600,612,612,0.9562547966231773,0.9562547966231773,0.9562547966231773,0.9562547966231773,4984,228,228,0.74,852,0.9515945330296127,1758,0.8300876998886176,0.790212840896328,0.8096596193250837,0.9313408600009191,0.969556342295793,0.9500644606789859,0.9053255314421154,60797,4482,1909,317,1.1861878590388366,3.3300762176513663,89592,,0.6,2,0,10.0,2.0,10.0,16.0,0.0,40.0,10.0,0.6,,,,,,
1,ufld_baseline,seen_test,tuned,full,630,1257,1257,0,0.8488464598249801,0.8488464598249801,0.8488464598249801,0.8488464598249801,1067,190,190,0.8870326173428799,0.8870326173428799,0.8870326173428799,0.8870326173428799,1115,142,142,0.863013698630137,111,0.9209257473481195,520,0.8277589006925761,0.7841561516520947,0.8053677929475225,0.9073617242274734,0.9520468632926913,0.9291673591490777,0.8697591981420364,13977,1427,704,254,2.0179867106902627,6.766201782226562,21129,,0.6,2,0,10.0,2.0,,,,,,,1.0,50.0,0.10000000000000002,60.0,0.85,60.0
1,ufld_baseline,seen_test,common,full,630,1257,1257,0,0.8488464598249801,0.8488464598249801,0.8488464598249801,0.8488464598249801,1067,190,190,0.8870326173428799,0.8870326173428799,0.8870326173428799,0.8870326173428799,1115,142,142,0.863013698630137,111,0.9209257473481195,520,0.8250770136967753,0.7854634343124385,0.8047830472703686,0.9044264943457189,0.9533410530617805,0.9282398196047221,0.8678069639584606,13996,1479,685,210,2.0623411262683975,6.898313903808592,21320,,0.5,3,0,10.0,2.0,,,,,,,1.0,50.0,0.10000000000000002,60.0,0.85,60.0
1,ufld_baseline,seen_test,tuned,kalman,630,1257,1257,0,0.8528241845664281,0.8528241845664281,0.8528241845664281,0.8528241845664281,1072,185,185,0.8878281622911695,0.8878281622911695,0.8878281622911696,0.8878281622911695,1116,141,141,0.863013698630137,111,0.9257473481195756,520,0.8306767762885416,0.7871128023156385,0.8083082421227129,0.9078161516489224,0.9525236700497242,0.9296327073292339,0.8705594619382452,13984,1420,697,254,1.5204850748894347,4.839721679687497,21129,,0.6,2,0,10.0,2.0,10.0,16.0,0.0,40.0,10.0,0.6,1.0,50.0,0.10000000000000002,60.0,0.8916666666666667,60.0
1,ufld_baseline_ct,test,tuned,full,2610,5212,5212,0,0.8793169608595549,0.8793169608595549,0.8793169608595549,0.8793169608595549,4583,629,629,0.966039907904835,0.966039907904835,0.966039907904835,0.966039907904835,5035,177,177,0.7552941176470588,852,0.9393507972665148,1758,0.8316185306807407,0.7860157924047548,0.8081743680174777,0.9322498230061256,0.9659681689152553,0.9488095238095239,0.9032549327254696,60572,4402,2134,451,1.8102347135207564,5.322746276855468,89338,,0.6,2,0,10.0,2.0,,,,,,,,,,,,
1,ufld_baseline_ct,test,common,full,2610,5212,5212,0,0.8798925556408289,0.8798925556408289,0.8798925556408289,0.8798925556408289,4586,626,626,0.9658480429777436,0.9658480429777436,0.9658480429777436,0.9658480429777435,5034,178,178,0.7558823529411764,852,0.9399202733485194,1758,0.8307993802838904,0.7868366407001268,0.8082206194699745,0.9313294833200221,0.9670047523362996,0.9488318963493826,0.9032429873357793,60637,4471,2069,415,1.8704819465653053,5.552099609374968,90029,,0.5,3,0,10.0,2.0,,,,,,,,,,,,
1,ufld_baseline_ct,test,tuned,kalman,2610,5212,5212,0,0.8816193399846508,0.8816193399846508,0.8816193399846508,0.8816193399846508,4595,617,617,0.965464313123561,0.965464313123561,0.965464313123561,0.9654643131235608,5032,180,180,0.7605882352941177,852,0.9402050113895216,1758,0.8320339728970081,0.7864966959046589,0.8086247399296107,0.9320343522024195,0.9657449047937996,0.9485902255639098,0.9028606100069554,60558,4416,2148,451,1.4390090670044735,4.2221374511718714,89338,,0.6,2,0,10.0,2.0,10.0,16.0,0.0,40.0,10.0,0.6,,,,,,
1,ufld_baseline_ct,seen_test,tuned,full,630,1257,1257,0,0.8488464598249801,0.8488464598249801,0.8488464598249801,0.8488464598249801,1067,190,190,0.9013524264120922,0.9013524264120922,0.9013524264120922,0.9013524264120922,1133,124,124,0.863013698630137,111,0.9209257473481195,520,0.8345439059351435,0.7861786562230177,0.8096396284550185,0.9148396330752716,0.9578366596280907,0.935844536137362,0.8816306483300589,14062,1309,619,298,2.3998002304962345,8.359375,21168,,0.6,2,0,10.0,2.0,,,,,,,1.0,50.0,0.10000000000000002,60.0,0.85,60.0
1,ufld_baseline_ct,seen_test,common,full,630,1257,1257,0,0.8488464598249801,0.8488464598249801,0.8488464598249801,0.8488464598249801,1067,190,190,0.9005568814638027,0.9005568814638027,0.9005568814638027,0.9005568814638027,1132,125,125,0.863013698630137,111,0.9209257473481195,520,0.8316100736381249,0.786969027316467,0.8086739416956439,0.9117589893100098,0.9585859273891424,0.9345862664364457,0.8790965999754511,14073,1362,608,251,2.4848273149977245,8.660138702392574,21350,,0.5,3,0,10.0,2.0,,,,,,,1.0,50.0,0.10000000000000002,60.0,0.85,60.0
1,ufld_baseline_ct,seen_test,tuned,kalman,630,1257,1257,0,0.8536197295147175,0.8536197295147175,0.8536197295147175,0.8536197295147175,1073,184,184,0.8989657915672236,0.8989657915672236,0.8989657915672236,0.8989657915672236,1130,127,127,0.863013698630137,111,0.9257473481195756,520,0.837934368921715,0.7895783739438995,0.8130380046302907,0.9145794027714528,0.9575641986240719,0.9355783308931185,0.8811686717407317,14058,1313,623,298,1.8523874562163292,6.023787689208971,21168,,0.6,2,0,10.0,2.0,10.0,16.0,0.0,40.0,10.0,0.6,1.0,50.0,0.10833333333333334,60.0,0.8916666666666667,60.0
1,ufld_v02,test,tuned,full,2610,5212,5212,0,0.866462010744436,0.866462010744436,0.866462010744436,0.866462010744436,4516,696,696,0.9470452801227935,0.9470452801227935,0.9470452801227935,0.9470452801227935,4936,276,276,0.7270588235294119,852,0.9339407744874715,1758,0.8226722162641162,0.7792459101886952,0.8003704426133373,0.9324441687344913,0.9588237170286735,0.9454499709087478,0.8973471229674346,60124,4356,2582,525,1.4624540751659723,4.392868041992189,87475,0.6334763765335083,0.6,2,0,10.0,2.0,,,,,,,,,,,,
1,ufld_v02,test,common,full,2610,5212,5212,0,0.8656945510360706,0.8656945510360706,0.8656945510360706,0.8656945510360706,4512,700,700,0.9466615502686109,0.9466615502686109,0.9466615502686109,0.9466615502686109,4934,278,278,0.7247058823529412,852,0.9339407744874715,1758,0.8213058299294083,0.7793771158757226,0.7997923269686992,0.9303573361371824,0.959541351704781,0.9447240125923425,0.8959985820002658,60169,4504,2537,491,1.5153138455113335,4.576263427734375,88151,0.6334763765335083,0.5,3,0,10.0,2.0,,,,,,,,,,,,
1,ufld_v02,test,tuned,static_history,2610,5212,5211,0,0.8652849740932642,0.8651189562547966,0.8652019572100164,0.8651521547258143,4509,702,703,0.9493379389752447,0.9491557943207981,0.9492468579103904,0.9491922176599255,4947,264,265,0.7290379523389232,852,0.9310933940774487,1758,0.8205593394457631,0.7773107029797063,0.7983497281330378,0.9307809251962397,0.956846234810066,0.9436336185203825,0.8941164305656085,60000,4462,2706,529,1.940106719158415,5.671725463867188,87350,0.6334763765335083,0.6,2,0,10.0,2.0,,,,,,,,,,,,
1,ufld_v02,test,tuned,kalman,2610,5212,5212,0,0.8672294704528012,0.8672294704528012,0.8672294704528012,0.8672294704528012,4520,692,692,0.9462778204144282,0.9462778204144282,0.9462778204144282,0.9462778204144282,4932,280,280,0.7299999999999999,852,0.9336560364464692,1758,0.8221581149429574,0.778850882313774,0.7999187691286528,0.9324751861042183,0.9588556119031671,0.9454814209111065,0.8974032699563512,60126,4354,2580,525,1.188575438057637,3.5353698730468786,87475,0.6334763765335083,0.6,2,0,10.0,2.0,10.0,16.0,0.0,40.0,10.0,0.6,,,,,,
1,ufld_v02,seen_test,tuned,full,630,1257,1257,0,0.841686555290374,0.841686555290374,0.8416865552903738,0.841686555290374,1058,199,199,0.8926014319809069,0.8926014319809069,0.8926014319809069,0.8926014319809069,1122,135,135,0.8401826484018263,111,0.9103182256509161,520,0.8353500328241398,0.7796057120685151,0.8065157936691434,0.9146349520977866,0.9429194196580615,0.9285618459887308,0.8698759850937748,13843,1292,838,396,1.988087753796951,6.936676025390629,20617,0.6334764361381531,0.6,2,0,10.0,2.0,,,,,,,1.0,50.0,0.11666666666666667,60.0,0.825,60.0
1,ufld_v02,seen_test,common,full,630,1257,1256,0,0.8415605095541401,0.8408910103420844,0.841225626740947,0.8410248249522597,1057,199,200,0.89171974522293,0.8910103420843277,0.8913649025069638,0.8911521323997453,1120,136,137,0.8401826484018263,111,0.9093539054966249,520,0.8340006201612642,0.7804198282162741,0.806321081193728,0.9127600737424282,0.9442817246781554,0.9282533730623723,0.8691697191697192,13863,1325,818,374,2.064458772809979,7.2411937713622985,20760,0.6334764361381531,0.5,3,0,10.0,2.0,,,,,,,1.0,50.0,0.11715481171548117,60.0,0.8166666666666667,60.0
1,ufld_v02,seen_test,tuned,static_history,630,1257,1256,0,0.8423566878980892,0.841686555290374,0.8420214882610426,0.8418204964990451,1058,198,199,0.8901273885350318,0.8894192521877486,0.8897731794667728,0.8895607893061744,1118,138,139,0.8401826484018263,111,0.9093539054966249,520,0.8318929126612586,0.7775054489680947,0.8037802050416492,0.9139330737245066,0.9431918806620803,0.9283319924912846,0.8694111898363059,13847,1304,834,387,2.553816415138126,8.52878723144531,20608,0.6334764361381531,0.6,2,0,10.0,2.0,,,,,,,1.0,50.0,0.12552301255230125,60.0,0.8083333333333333,60.0
1,ufld_v02,seen_test,tuned,kalman,630,1257,1257,0,0.8456642800318218,0.8456642800318218,0.8456642800318218,0.8456642800318218,1063,194,194,0.8878281622911695,0.8878281622911695,0.8878281622911696,0.8878281622911695,1116,141,141,0.8493150684931505,111,0.9151398264223722,520,0.8354757494077518,0.7799968531279673,0.8067836673675409,0.9143045920052858,0.942578843403038,0.9282264555943118,0.8693049957249298,13838,1297,843,396,1.6184743104205594,5.367033386230471,20617,0.6334764361381531,0.6,2,0,10.0,2.0,10.0,16.0,0.0,40.0,10.0,0.6,1.0,50.0,0.11666666666666667,60.0,0.825,60.0
1,ufld_v03,test,tuned,full,2610,5212,5212,0,0.8727935533384498,0.8727935533384498,0.8727935533384498,0.8727935533384498,4549,663,663,0.9545280122793554,0.9545280122793554,0.9545280122793554,0.9545280122793552,4975,237,237,0.7464705882352941,852,0.9339407744874715,1758,0.831264567276547,0.7867754236474604,0.8084083653688194,0.9374407288217278,0.9616145185468695,0.949373765045777,0.9044896261862683,60299,4024,2407,603,1.5470858712189612,4.692760467529297,87756,0.7079251408576965,0.6,2,0,10.0,2.0,,,,,,,,,,,,
1,ufld_v03,test,common,full,2610,5212,5212,0,0.8720260936300844,0.8720260936300844,0.8720260936300844,0.8720260936300844,4545,667,667,0.954336147352264,0.954336147352264,0.954336147352264,0.954336147352264,4974,238,238,0.7441176470588236,852,0.9339407744874715,1758,0.829864054264234,0.7872506838920085,0.8079959063409283,0.9351419109226531,0.9636557905144644,0.9491847569978952,0.904055757396011,60427,4191,2279,538,1.6016852896975255,4.885717773437492,88513,0.7079251408576965,0.5,3,0,10.0,2.0,,,,,,,,,,,,
1,ufld_v03,test,tuned,static_history,2610,5212,5212,0,0.8630084420567921,0.8630084420567921,0.8630084420567921,0.8630084420567921,4498,714,714,0.9545280122793554,0.9545280122793554,0.9545280122793554,0.9545280122793552,4975,237,237,0.7211764705882352,852,0.9316628701594533,1758,0.8250256109236187,0.778687043889253,0.8011868612186016,0.9336858475894245,0.9574203425509521,0.9454041541344503,0.8974002337866032,60036,4264,2670,613,2.0768826955067543,6.2676849365234375,87386,0.717536985874176,0.6,2,0,10.0,2.0,,,,,,,,,,,,
1,ufld_v03,test,tuned,kalman,2610,5212,5212,0,0.8731772831926324,0.8731772831926324,0.8731772831926324,0.8731772831926324,4551,661,661,0.9552954719877207,0.9552954719877207,0.9552954719877207,0.9552954719877207,4979,233,233,0.7447058823529412,852,0.9353644646924829,1758,0.8312256034685078,0.786886509902349,0.8084485724443726,0.9376583803616125,0.9618377826683252,0.9495941871541145,0.9048856934892081,60313,4010,2393,603,1.2197011503548842,3.6908226013183594,87756,0.7079251408576965,0.6,2,0,10.0,2.0,10.0,16.0,0.0,40.0,10.0,0.6,,,,,,
1,ufld_v03,seen_test,tuned,full,630,1257,1257,0,0.8496420047732697,0.8496420047732697,0.8496420047732697,0.8496420047732697,1068,189,189,0.8965791567223548,0.8965791567223548,0.8965791567223548,0.8965791567223547,1127,130,130,0.8584474885844748,111,0.9209257473481195,520,0.8396130736470523,0.786089938437685,0.8119704330599896,0.9150782174313132,0.9483005244874327,0.9313932095668171,0.8743644716692189,13922,1292,759,352,2.132953224940186,7.590014648437496,20783,0.700511634349823,0.6,2,0,10.0,2.0,,,,,,,1.0,50.0,0.10833333333333334,60.0,0.8583333333333333,60.0
1,ufld_v03,seen_test,common,full,630,1257,1257,0,0.8496420047732697,0.8496420047732697,0.8496420047732697,0.8496420047732697,1068,189,189,0.8949880668257757,0.8949880668257757,0.8949880668257757,0.8949880668257757,1125,132,132,0.8584474885844748,111,0.9209257473481195,520,0.8370281176668481,0.7868526504568836,0.8111652109213381,0.9130093017162322,0.9493903685035079,0.9308444919357531,0.8732014939080389,13938,1328,743,324,2.203982552110941,7.9412292480468585,20929,0.700511634349823,0.5,3,0,10.0,2.0,,,,,,,1.0,50.0,0.10833333333333334,60.0,0.8583333333333333,60.0
1,ufld_v03,seen_test,tuned,static_history,630,1257,1257,0,0.843277645186953,0.843277645186953,0.843277645186953,0.843277645186953,1060,197,197,0.8941925218774861,0.8941925218774861,0.8941925218774861,0.8941925218774861,1124,133,133,0.8493150684931505,111,0.9122468659594986,520,0.83184204169078,0.7790039967362292,0.8045564376383514,0.9128864964222412,0.9472106804713576,0.9297318981079093,0.8714844705306921,13906,1327,775,348,2.8056182112699073,9.745379638671867,20739,0.7123074531555176,0.6,2,0,10.0,2.0,,,,,,,1.0,50.0,0.11666666666666667,60.0,0.8333333333333334,60.0
1,ufld_v03,seen_test,tuned,kalman,630,1257,1257,0,0.8536197295147175,0.8536197295147175,0.8536197295147175,0.8536197295147175,1073,184,184,0.898170246618934,0.898170246618934,0.898170246618934,0.898170246618934,1129,128,128,0.867579908675799,111,0.9257473481195756,520,0.8409677155983268,0.7874955934658829,0.8133537508576923,0.9154725910345735,0.9487092159934609,0.9317946144840275,0.8750536184815246,13928,1286,753,352,1.6692377887148202,5.715549468994115,20783,0.700511634349823,0.6,2,0,10.0,2.0,10.0,16.0,0.0,40.0,10.0,0.6,1.0,50.0,0.10833333333333334,60.0,0.8833333333333333,60.0
1,ufld_v04,test,tuned,full,2610,5212,5212,0,0.8633921719109747,0.8633921719109747,0.8633921719109748,0.8633921719109747,4500,712,712,0.9439754412893323,0.9439754412893323,0.9439754412893323,0.9439754412893323,4920,292,292,0.7223529411764708,852,0.9316628701594533,1758,0.8277287927024561,0.7727166637417838,0.7992772619706461,0.9393330086869099,0.9536089050489587,0.946417124995054,0.8996100641985559,59797,3862,2909,879,1.3746031348611054,4.211108398437501,86905,0.6356397867202759,0.6,2,0,10.0,2.0,,,,,,,,,,,,
1,ufld_v04,test,common,full,2610,5212,5211,0,0.86221454615237,0.8620491174213354,0.8621318238510985,0.862082198088952,4493,718,719,0.9431970830934562,0.9430161166538756,0.943106591192555,0.9430523043862004,4915,296,297,0.7182352941176471,852,0.931795528976221,1758,0.8248282318197979,0.7738335375844181,0.7985175610554404,0.9361459342858036,0.9550760692756673,0.9455162614461634,0.8978691920686593,59889,4085,2817,789,1.423343683511379,4.3847225189208965,87818,0.6356397867202759,0.5,3,0,10.0,2.0,,,,,,,,,,,,
1,ufld_v04,test,tuned,static_history,2610,5212,5211,0,0.8627902513912876,0.8626247122026094,0.8627074738558957,0.8626578149583636,4496,715,716,0.9449241988102092,0.9447429009976976,0.9448335412069462,0.9447791549944357,4924,287,288,0.7225654604295381,852,0.9305239179954442,1758,0.8259247686317208,0.7712727264474291,0.7976637204924766,0.9382201751214374,0.9517908972028195,0.9449568156809348,0.8970185286668543,59683,3930,3023,881,1.8067398856844046,5.30538940429687,86632,0.6356397867202759,0.6,2,0,10.0,2.0,,,,,,,,,,,,
1,ufld_v04,test,tuned,kalman,2610,5212,5212,0,0.8645433614735226,0.8645433614735226,0.8645433614735226,0.8645433614735226,4506,706,706,0.9435917114351496,0.9435917114351496,0.9435917114351496,0.9435917114351496,4918,294,294,0.7252941176470589,852,0.9319476082004556,1758,0.8271958006126823,0.7722106722914384,0.7987580844885904,0.9394586782701582,0.9537364845469333,0.9465437423337159,0.8998354068120821,59805,3854,2901,879,1.1057392192788122,3.357958984375,86905,0.6356397867202759,0.6,2,0,10.0,2.0,10.0,16.0,0.0,40.0,10.0,0.6,,,,,,
1,ufld_v04,seen_test,tuned,full,630,1257,1255,0,0.8254980079681274,0.8241845664280032,0.8248407643312101,0.8244469202610217,1036,219,221,0.8900398406374502,0.888623707239459,0.8893312101910829,0.8889065732930129,1117,138,140,0.776255707762557,111,0.8891031822565092,520,0.8324963924963925,0.7677459707121715,0.7988111871879274,0.9131854220800852,0.9335876302704176,0.9232738295722466,0.8610975609756097,13706,1303,975,416,1.947120093375819,6.825683593750002,20447,0.6356396675109863,0.6,2,0,10.0,2.0,,,,,,,1.0,50.0,0.11764705882352941,60.0,0.825,60.0
1,ufld_v04,seen_test,common,full,630,1257,1255,0,0.8318725099601594,0.8305489260143198,0.8312101910828026,0.8308133057456629,1044,211,213,0.8900398406374502,0.888623707239459,0.8893312101910829,0.8889065732930129,1117,138,140,0.8127853881278538,111,0.896817743490839,520,0.8288300916247794,0.7699130330862543,0.7982859533751937,0.9096560846560846,0.9368571623186431,0.9230562732794202,0.8602681291895186,13754,1366,927,363,2.034386150332802,7.248851776123047,20676,0.6356396675109863,0.5,3,0,10.0,2.0,,,,,,,1.0,50.0,0.11764705882352941,60.0,0.8166666666666667,60.0
1,ufld_v04,seen_test,tuned,static_history,630,1257,1256,0,0.8184713375796179,0.8178202068416865,0.8181456426581776,0.8179503500954806,1028,228,229,0.8885350318471338,0.8878281622911695,0.8881814564265819,0.8879694462126034,1116,140,141,0.7579908675799086,111,0.8784956605593056,520,0.8275098544529721,0.765807487102652,0.7954639363588304,0.9112603031108748,0.9337919760234317,0.9223885618166526,0.8593635698610095,13709,1335,972,388,2.4938813161231614,8.507888793945312,20435,0.6356396675109863,0.6,2,0,10.0,2.0,,,,,,,1.0,50.0,0.1422594142259414,60.0,0.7833333333333333,60.0
1,ufld_v04,seen_test,tuned,kalman,630,1257,1255,0,0.8262948207171315,0.8249801113762928,0.8256369426751593,0.8252427184466019,1037,218,220,0.8892430278884462,0.8878281622911695,0.8885350318471337,0.8881107751074326,1116,139,141,0.7671232876712328,111,0.8900675024108003,520,0.8330417355357876,0.76855147601606,0.7994982131681991,0.9128522886268239,0.9332470540153941,0.9229370158302459,0.8605303261200853,13701,1308,980,416,1.5641959158605938,5.274029541015629,20447,0.6356396675109863,0.6,2,0,10.0,2.0,10.0,16.0,0.0,40.0,10.0,0.6,1.0,50.0,0.11764705882352941,60.0,0.825,60.0
1,ufld_v06,test,tuned,full,2610,5212,5212,0,0.8718342287029931,0.8718342287029931,0.8718342287029931,0.8718342287029931,4544,668,668,0.9489639293937069,0.9489639293937069,0.9489639293937069,0.9489639293937068,4946,266,266,0.7364705882352941,852,0.9373576309794989,1758,0.8256894210463813,0.7847415208094735,0.8046948865022832,0.9279907798693815,0.9630497878990846,0.9451952950751676,0.8966712898751734,60389,4686,2317,382,1.8228069454312796,5.752857971191401,90107,0.774327278137207,0.5,3,0,10.0,2.0,,,,,,,,,,,,
1,ufld_v06,test,common,full,2610,5212,5212,0,0.8718342287029931,0.8718342287029931,0.8718342287029931,0.8718342287029931,4544,668,668,0.9489639293937069,0.9489639293937069,0.9489639293937069,0.9489639293937068,4946,266,266,0.7364705882352941,852,0.9373576309794989,1758,0.8256894210463813,0.7847415208094735,0.8046948865022832,0.9279907798693815,0.9630497878990846,0.9451952950751676,0.8966712898751734,60389,4686,2317,382,1.8228069454312796,5.752857971191401,90107,0.774327278137207,0.5,3,0,10.0,2.0,,,,,,,,,,,,
1,ufld_v06,test,tuned,static_history,2610,5212,5212,0,0.864735226400614,0.864735226400614,0.864735226400614,0.864735226400614,4507,705,705,0.9474290099769762,0.9474290099769762,0.9474290099769762,0.9474290099769761,4938,274,274,0.7258823529411764,852,0.9319476082004556,1758,0.8211321812568385,0.7787056298280887,0.7993563446835864,0.9251998769987699,0.959637036328262,0.9421038623518544,0.8911840866290018,60175,4865,2531,397,2.212695035662237,6.79938354492186,89793,0.777677595615387,0.5,3,0,10.0,2.0,,,,,,,,,,,,
1,ufld_v06,test,tuned,kalman,2610,5212,5212,0,0.8712586339217191,0.8712586339217191,0.8712586339217191,0.8712586339217191,4541,671,671,0.9485801995395242,0.9485801995395242,0.9485801995395242,0.9485801995395241,4944,268,268,0.7347058823529412,852,0.9373576309794989,1758,0.8259245790415736,0.7850225181223638,0.8049542954698138,0.928190549366116,0.9632571045832935,0.9453987682049756,0.8970351677218459,60402,4673,2304,382,1.4402716100895259,4.536541748046875,90107,0.774327278137207,0.5,3,0,10.0,2.0,10.0,16.0,0.0,40.0,10.0,0.5,,,,,,
1,ufld_v06,seen_test,tuned,full,630,1257,1255,0,0.853386454183267,0.8520286396181385,0.8527070063694268,0.8522998567563267,1071,184,186,0.896414342629482,0.8949880668257757,0.8957006369426751,0.8952729587776539,1125,130,132,0.867579908675799,111,0.9238187078109933,520,0.8320926075828541,0.7888519318428223,0.8098955207886841,0.9051501035196687,0.9529323615557523,0.9284268507150679,0.8682667643825577,13990,1466,691,227,2.599493312627109,9.743292236328115,21489,0.7760533690452576,0.5,3,0,10.0,2.0,,,,,,,1.0,50.0,0.10924369747899161,60.0,0.85,60.0
1,ufld_v06,seen_test,common,full,630,1257,1255,0,0.853386454183267,0.8520286396181385,0.8527070063694268,0.8522998567563267,1071,184,186,0.896414342629482,0.8949880668257757,0.8957006369426751,0.8952729587776539,1125,130,132,0.867579908675799,111,0.9238187078109933,520,0.8320926075828541,0.7888519318428223,0.8098955207886841,0.9051501035196687,0.9529323615557523,0.9284268507150679,0.8682667643825577,13990,1466,691,227,2.599493312627109,9.743292236328115,21489,0.7760533690452576,0.5,3,0,10.0,2.0,,,,,,,1.0,50.0,0.10924369747899161,60.0,0.85,60.0
1,ufld_v06,seen_test,tuned,static_history,630,1257,1255,0,0.8494023904382471,0.8480509148766905,0.8487261146496814,0.8483208658284258,1066,189,191,0.8948207171314742,0.8933969769291965,0.8941082802547771,0.8936813624064938,1123,132,134,0.8493150684931505,111,0.9189971070395371,520,0.8245947247338291,0.7802011649688952,0.8017839140698627,0.9019290523045055,0.9490497922484844,0.924889641209466,0.8622892959289236,13933,1515,748,237,3.05470170516868,10.748123931884768,21412,0.7796220183372498,0.5,3,0,10.0,2.0,,,,,,,1.0,50.0,0.10924369747899161,60.0,0.85,60.0
1,ufld_v06,seen_test,tuned,kalman,630,1257,1255,0,0.8549800796812749,0.8536197295147175,0.8542993630573248,0.8538914531274868,1073,182,184,0.8972111553784861,0.8957836117740652,0.8964968152866242,0.896068756963234,1126,129,131,0.867579908675799,111,0.926711668273867,520,0.8343253255658236,0.7910500454417715,0.8121115878517658,0.9047619047619048,0.9525236700497242,0.9280286690778776,0.8675824175824176,13984,1472,697,227,2.042700928393324,7.466223144531238,21489,0.7760533690452576,0.5,3,0,10.0,2.0,10.0,16.0,0.0,40.0,10.0,0.5,1.0,50.0,0.10084033613445378,60.0,0.875,60.0
1,ufld_v07,test,tuned,full,2610,5212,5212,0,0.8844973138910207,0.8844973138910207,0.8844973138910207,0.8844973138910207,4610,602,602,0.953184957789716,0.953184957789716,0.953184957789716,0.9531849577897159,4968,244,244,0.7605882352941177,852,0.9444760820045558,1758,0.8314717515399319,0.7898495256629184,0.8101263799966328,0.9314651327324741,0.965808694542787,0.948326078105916,0.9022569752976719,60562,4456,2144,362,1.7148971299217985,5.064863204956055,90496,,0.4,2,0,10.0,2.0,,,,,,,,,,,,
1,ufld_v07,test,common,full,2610,5212,5212,0,0.8862240982348427,0.8862240982348427,0.8862240982348427,0.8862240982348427,4619,593,593,0.9541442824251727,0.9541442824251727,0.9541442824251727,0.9541442824251726,4973,239,239,0.7635294117647059,852,0.9456150341685648,1758,0.8322047825105271,0.7894887253585261,0.8102841748991666,0.9327044606800456,0.9650113226804452,0.9485828944068222,0.9027514231499051,60512,4366,2194,384,1.6601252139935105,4.849755859374994,89873,,0.5,3,0,10.0,2.0,,,,,,,,,,,,
1,ufld_v07,test,tuned,static_history,2610,5212,5212,0,0.8798925556408289,0.8798925556408289,0.8798925556408289,0.8798925556408289,4586,626,626,0.9539524174980814,0.9539524174980814,0.9539524174980814,0.9539524174980814,4972,240,240,0.7505882352941177,852,0.9424829157175398,1758,0.8282206268153208,0.7869723855273318,0.8070698145015535,0.9301932069899089,0.9643415303160782,0.9469596128850399,0.8998195746694667,60470,4538,2236,374,2.0610566511910102,5.9750518798828125,90406,,0.4,2,0,10.0,2.0,,,,,,,,,,,,
1,ufld_v07,test,tuned,kalman,2610,5212,5212,0,0.8825786646201075,0.8825786646201075,0.8825786646201075,0.8825786646201075,4600,612,612,0.953184957789716,0.953184957789716,0.953184957789716,0.9531849577897159,4968,244,244,0.7582352941176471,852,0.9427676537585421,1758,0.8314144032372169,0.7900131187285108,0.8101851939221256,0.9313574702390107,0.9656970624820591,0.9482164667564437,0.9020597947609246,60555,4463,2151,362,1.3744669449548572,3.9246063232421875,90496,,0.4,2,0,10.0,2.0,10.0,16.0,0.0,40.0,10.0,0.4,,,,,,
1,ufld_v07,test,tuned,carry,2610,5212,5212,0,0.8750959324635457,0.8750959324635457,0.8750959324635457,0.8750959324635457,4561,651,651,0.9491557943207981,0.9491557943207981,0.9491557943207981,0.9491557943207981,4947,265,265,0.7482352941176471,852,0.9365034168564921,1758,0.8202317668552046,0.7809410950258568,0.8001043602879631,0.9307114666994272,0.9665263292188945,0.9482808527283395,0.902125958605987,60607,4512,2099,328,1.756511490581033,5.472691726684573,89900,,0.4,2,0,10.0,2.0,,,,,,,,,,,,
1,ufld_v07,seen_test,tuned,full,630,1257,1257,0,0.8520286396181385,0.8520286396181385,0.8520286396181385,0.8520286396181385,1071,186,186,0.8933969769291965,0.8933969769291965,0.8933969769291965,0.8933969769291965,1123,134,134,0.8584474885844748,111,0.9247830279652843,520,0.8289483083517052,0.7902969880050945,0.8091613454443738,0.9091791189598293,0.9573598528710578,0.9326476443264765,0.8754983134007973,14055,1404,626,220,2.2724194976844942,7.926040649414007,21513,,0.4,2,0,10.0,2.0,,,,,,,1.0,50.0,0.10000000000000002,60.0,0.8916666666666667,60.0
1,ufld_v07,seen_test,common,full,630,1257,1257,0,0.8520286396181385,0.8520286396181385,0.8520286396181385,0.8520286396181385,1071,186,186,0.8933969769291965,0.8933969769291965,0.8933969769291965,0.8933969769291965,1123,134,134,0.8584474885844748,111,0.9247830279652843,520,0.8302068312633367,0.7890079707711428,0.8090832747235193,0.9108962294762801,0.9560656631019685,0.9329345297441011,0.8761887232345542,14036,1373,645,245,2.181493946720894,7.543267822265618,21365,,0.5,3,0,10.0,2.0,,,,,,,1.0,50.0,0.10000000000000002,60.0,0.8916666666666667,60.0
1,ufld_v07,seen_test,tuned,static_history,630,1257,1257,0,0.8456642800318218,0.8456642800318218,0.8456642800318218,0.8456642800318218,1063,194,194,0.8926014319809069,0.8926014319809069,0.8926014319809069,0.8926014319809069,1122,135,135,0.8447488584474886,111,0.9161041465766635,520,0.8237274440784372,0.785810477413887,0.8043223430113939,0.9094261499644174,0.9574960833730672,0.9328422589421992,0.8758891341672799,14057,1400,624,227,2.750171253407886,9.433670043945302,21478,,0.4,2,0,10.0,2.0,,,,,,,1.0,50.0,0.10833333333333334,60.0,0.8416666666666667,60.0
1,ufld_v07,seen_test,tuned,kalman,630,1257,1257,0,0.8536197295147175,0.8536197295147175,0.8536197295147175,0.8536197295147175,1073,184,184,0.8941925218774861,0.8941925218774861,0.8941925218774861,0.8941925218774861,1124,133,133,0.863013698630137,111,0.926711668273867,520,0.8302569646879124,0.7917149069624413,0.810528008582517,0.9091144317226211,0.9572917376200532,0.9325812873258129,0.8753832944928247,14054,1405,627,220,1.7927990091820616,6.0645507812499995,21513,,0.4,2,0,10.0,2.0,10.0,16.0,0.0,40.0,10.0,0.4,1.0,50.0,0.10000000000000002,60.0,0.9,60.0
1,lite_baseline,test,tuned,full,2610,5212,5212,0,0.21028396009209516,0.21028396009209516,0.21028396009209513,0.21028396009209516,1096,4116,4116,0.37068303914044515,0.37068303914044515,0.3706830391404452,0.37068303914044515,1932,3280,3280,0.05764705882352941,852,0.28416856492027337,1758,0.4229313118062481,0.3830223398691022,0.4019887255680325,0.5393588222769717,0.5655758619589832,0.5521563132492604,0.3813645894940588,35465,30289,27241,0,1.6266799825843774,5.382270050048828,93672,,0.4,2,1,10.0,2.0,,,,,,,,,,,,
1,lite_baseline,test,common,full,2610,5212,5212,0,0.07310053722179585,0.07310053722179585,0.07310053722179585,0.07310053722179585,381,4831,4831,0.27743668457405984,0.27743668457405984,0.27743668457405984,0.27743668457405984,1446,3766,3766,0.04,852,0.08912300683371298,1758,0.37908722180726906,0.3729945818001212,0.3760162234628028,0.5393588222769717,0.5655758619589832,0.5521563132492604,0.3813645894940588,35465,30289,27241,0,1.6266799825843774,5.382270050048828,93672,,0.5,3,0,10.0,2.0,,,,,,,,,,,,
1,lite_baseline,test,tuned,kalman,2610,5212,5212,0,0.20990023023791252,0.20990023023791252,0.20990023023791252,0.20990023023791252,1094,4118,4118,0.3689562547966232,0.3689562547966232,0.36895625479662325,0.36895625479662314,1923,3289,3289,0.05588235294117647,852,0.28445330296127563,1758,0.4228867828797036,0.3829800154539321,0.40194530157446906,0.5391915320740943,0.565400440149268,0.5519850537132182,0.38120121282497904,35454,30300,27252,0,1.351671510170746,4.498271560668945,93672,,0.4,2,1,10.0,2.0,10.0,16.0,0.0,40.0,10.0,0.4,,,,,,
1,lite_baseline,seen_test,tuned,full,630,1257,1257,0,0.15990453460620524,0.15990453460620524,0.15990453460620524,0.15990453460620524,201,1056,1056,0.41766109785202865,0.41766109785202865,0.41766109785202865,0.41766109785202865,525,732,732,0.2237442922374429,111,0.14561234329797493,520,0.4675331584573508,0.4196369511663388,0.4422921535700318,0.6254034554775014,0.673114910428445,0.6483826520569517,0.4797087378640777,9882,5919,4799,0,1.6189409939773818,5.406530380249012,22248,,0.4,2,1,10.0,2.0,,,,,,,0.5,50.0,0.0,60.0,0.025000000000000005,60.0
1,lite_baseline,seen_test,common,full,630,1257,1257,0,0.10739856801909307,0.10739856801909307,0.10739856801909309,0.10739856801909307,135,1122,1122,0.4041368337311058,0.4041368337311058,0.4041368337311058,0.4041368337311058,508,749,749,0.1598173515981735,111,0.1051108968177435,520,0.43531867449413914,0.4199485071536542,0.4274954807402037,0.6254034554775014,0.673114910428445,0.6483826520569517,0.4797087378640777,9882,5919,4799,0,1.6189409939773818,5.406530380249012,22248,,0.5,3,0,10.0,2.0,,,,,,,0.26,50.0,0.0,60.0,0.0,60.0
1,lite_baseline,seen_test,tuned,kalman,630,1257,1257,0,0.16070007955449483,0.16070007955449483,0.16070007955449483,0.1607000795544948,202,1055,1055,0.4152744630071599,0.4152744630071599,0.4152744630071599,0.4152744630071599,522,735,735,0.2237442922374429,111,0.14657666345226616,520,0.4671406713648504,0.41928442843697267,0.44192072051358705,0.6247072970065186,0.6723656426673932,0.6476609146381471,0.47891902382223084,9871,5930,4810,0,1.326593878114022,4.466299438476561,22248,,0.4,2,1,10.0,2.0,10.0,16.0,0.0,40.0,10.0,0.4,0.5,50.0,0.0,60.0,0.025000000000000005,60.0
1,lite_baseline_ct,test,tuned,full,2610,5212,5212,0,0.2689946277820414,0.2689946277820414,0.2689946277820414,0.2689946277820414,1402,3810,3810,0.4418649270913277,0.4418649270913277,0.4418649270913277,0.4418649270913277,2303,2909,2909,0.10000000000000002,852,0.35079726651480636,1758,0.46494249992642067,0.4244234080514655,0.4437599386183045,0.6192207081153425,0.649299907504864,0.6339036883650687,0.46403783691378425,40715,25037,21991,2,2.7576518631437725,8.616851806640625,92801,,0.4,2,1,10.0,2.0,,,,,,,,,,,,
1,lite_baseline_ct,test,common,full,2610,5212,5212,0,0.13814274750575595,0.13814274750575595,0.13814274750575595,0.13814274750575595,720,4492,4492,0.43150422102839603,0.43150422102839603,0.43150422102839603,0.43150422102839603,2249,2963,2963,0.02294117647058824,852,0.19390660592255124,1758,0.4374181929177228,0.4529613503868421,0.44505410493244,0.6192583804830565,0.649299907504864,0.6339234278418734,0.46408342355689786,40715,25033,21991,6,2.591883707418479,8.113206100463863,92042,,0.5,3,0,10.0,2.0,,,,,,,,,,,,
1,lite_baseline_ct,test,tuned,kalman,2610,5212,5212,0,0.26841903300076747,0.26841903300076747,0.26841903300076747,0.26841903300076747,1399,3813,3813,0.4389869531849578,0.4389869531849578,0.4389869531849578,0.4389869531849578,2288,2924,2924,0.1011764705882353,852,0.349373576309795,1758,0.46465958779962135,0.4241774357256217,0.4434966303641382,0.618901326195401,0.6489650113226805,0.6335767332513351,0.46368753275755986,40694,25058,22012,2,2.308170810233771,7.063568115234375,92801,,0.4,2,1,10.0,2.0,10.0,16.0,0.0,40.0,10.0,0.4,,,,,,
1,lite_baseline_ct,seen_test,tuned,full,630,1257,1257,0,0.36913285600636436,0.36913285600636436,0.3691328560063644,0.3691328560063644,464,793,793,0.6181384248210023,0.6181384248210023,0.6181384248210023,0.6181384248210023,777,480,480,0.2785388127853881,111,0.3760848601735776,520,0.5868762028464396,0.5413927178876191,0.5632176809689701,0.7224828810550342,0.776173285198556,0.7483663350080452,0.5983963104659085,11395,4377,3286,23,2.675238576880757,7.988099288940436,22112,,0.4,2,1,10.0,2.0,,,,,,,0.74,50.0,0.0,60.0,0.125,60.0
1,lite_baseline_ct,seen_test,common,full,630,1257,1257,0,0.2951471758154336,0.2951471758154336,0.2951471758154336,0.2951471758154336,371,886,886,0.5926809864757359,0.5926809864757359,0.5926809864757359,0.5926809864757359,745,512,512,0.2146118721461187,111,0.3355834136933462,520,0.5294411545124229,0.5308906195815286,0.5301648963433876,0.7237218164496666,0.776173285198556,0.749030434496812,0.5997693799465381,11395,4350,3286,48,2.508396062343258,7.605816650390617,21959,,0.5,3,0,10.0,2.0,,,,,,,0.23,50.0,0.0,60.0,0.05000000000000001,60.0
1,lite_baseline_ct,seen_test,tuned,kalman,630,1257,1257,0,0.36992840095465396,0.36992840095465396,0.36992840095465396,0.36992840095465396,465,792,792,0.6181384248210023,0.6181384248210023,0.6181384248210023,0.6181384248210023,777,480,480,0.2831050228310502,111,0.3799421407907425,520,0.5868947166141263,0.5415085728778771,0.5632888939314526,0.7208343900583312,0.7744022886724338,0.7466587856697205,0.596221280159104,11369,4403,3312,23,2.2330902826941306,6.599438095092777,22112,,0.4,2,1,10.0,2.0,10.0,16.0,0.0,40.0,10.0,0.4,0.7100000000000001,50.0,0.0,60.0,0.10000000000000002,60.0
1,lite_v05,test,tuned,full,2610,5212,5212,0,0.7087490406753646,0.7087490406753646,0.7087490406753646,0.7087490406753645,3694,1518,1518,0.9006139677666922,0.9006139677666922,0.9006139677666922,0.9006139677666921,4694,518,518,0.4588235294117647,852,0.8297266514806377,1758,0.7552925255845655,0.6925178469484128,0.7225442828109565,0.8932055086357757,0.9360667240774407,0.9141339812024513,0.8419340041856598,58697,7018,4009,38,1.8610117400032127,5.855889892578122,92007,0.5329933762550354,0.4,2,1,10.0,2.0,,,,,,,,,,,,
1,lite_v05,test,common,full,2610,5212,5212,0,0.717191097467383,0.717191097467383,0.717191097467383,0.717191097467383,3738,1474,1474,0.920951650038373,0.920951650038373,0.920951650038373,0.9209516500383729,4800,412,412,0.4758823529411765,852,0.833997722095672,1758,0.7242603553245034,0.7130815014273449,0.7186274568893508,0.8936429387133612,0.9359550920167129,0.9143097498851076,0.842306699922594,58690,6985,4016,71,1.785252187167833,5.60396003723144,91334,0.5329933762550354,0.5,3,0,10.0,2.0,,,,,,,,,,,,
1,lite_v05,test,tuned,static_history,2610,5212,5212,0,0.6882194934765925,0.6882194934765925,0.6882194934765925,0.6882194934765925,3587,1625,1625,0.8820030698388335,0.8820030698388335,0.8820030698388335,0.8820030698388335,4597,615,615,0.4429411764705882,852,0.8069476082004556,1758,0.744245932536125,0.6798229146469282,0.7105772169255141,0.8826966976107138,0.9249832551908909,0.9033453775230501,0.8238258129533164,58002,7708,4704,39,2.614293250783863,8.431948852539055,91859,0.5333490967750549,0.4,2,1,10.0,2.0,,,,,,,,,,,,
1,lite_v05,test,tuned,kalman,2610,5212,5212,0,0.705487336914812,0.705487336914812,0.705487336914812,0.705487336914812,3677,1535,1535,0.8985034535686877,0.8985034535686877,0.8985034535686877,0.8985034535686877,4683,529,529,0.45176470588235296,852,0.8283029612756264,1758,0.7543878651191082,0.691683933290097,0.721676428993254,0.8930229019249791,0.9358753548304788,0.9139470958799574,0.8416172213145298,58685,7030,4021,38,1.4870794087861203,4.678543090820311,92007,0.5329933762550354,0.4,2,1,10.0,2.0,10.0,16.0,0.0,40.0,10.0,0.4,,,,,,
1,lite_v05,seen_test,tuned,full,630,1257,1257,0,0.801909307875895,0.801909307875895,0.801909307875895,0.801909307875895,1008,249,249,0.8552108194112967,0.8552108194112967,0.8552108194112967,0.8552108194112967,1075,182,182,0.8127853881278538,111,0.8833172613307619,520,0.7801238174017178,0.7134167645823989,0.7452805989979083,0.8743315508021391,0.9354948572985492,0.9038796933100793,0.8254347696169246,13734,1974,947,78,2.2875973281077564,7.089556121826179,21832,0.5416524410247803,0.4,2,1,10.0,2.0,,,,,,,0.92,50.0,0.0,60.0,0.7166666666666667,60.0
1,lite_v05,seen_test,common,full,630,1257,1257,0,0.7669053301511536,0.7669053301511536,0.7669053301511535,0.7669053301511536,964,293,293,0.862370723945903,0.862370723945903,0.862370723945903,0.862370723945903,1084,173,173,0.7031963470319634,111,0.8486017357762777,520,0.7204531541833925,0.7216737810502464,0.7210629510430312,0.8772277227722772,0.9354267420475444,0.9053929324894515,0.8284108573478417,13733,1922,948,123,2.1785358344974344,6.73913803100586,21667,0.5416524410247803,0.5,3,0,10.0,2.0,,,,,,,0.8399999999999999,50.0,0.0,60.0,0.6416666666666667,60.0
1,lite_v05,seen_test,tuned,static_history,630,1257,1257,0,0.766109785202864,0.766109785202864,0.766109785202864,0.766109785202864,963,294,294,0.8528241845664281,0.8528241845664281,0.8528241845664281,0.8528241845664281,1072,185,185,0.7853881278538812,111,0.8437801350048216,520,0.7693391210841211,0.7011888444169245,0.7336848015588775,0.8651491966335119,0.9242558408827737,0.8937263296558539,0.8089628226379351,13569,2115,1112,96,3.2927802015282643,10.05574493408203,21750,0.5416529178619385,0.4,2,1,10.0,2.0,,,,,,,0.82,50.0,0.05000000000000001,60.0,0.675,60.0
1,lite_v05,seen_test,tuned,kalman,630,1257,1257,0,0.8027048528241846,0.8027048528241846,0.8027048528241846,0.8027048528241846,1009,248,248,0.8544152744630071,0.8544152744630071,0.8544152744630071,0.8544152744630071,1074,183,183,0.8127853881278538,111,0.8852459016393442,520,0.780004131259943,0.713369796343105,0.7452003520066683,0.8737585943468297,0.9348818200395068,0.9032873737207543,0.8244534703141799,13725,1983,956,78,1.8883241380514701,5.769539642333987,21832,0.5416524410247803,0.4,2,1,10.0,2.0,10.0,16.0,0.0,40.0,10.0,0.4,0.91,50.0,0.0,60.0,0.75,60.0
1,lite_v06,test,tuned,full,2610,5212,5212,0,0.5481580966999232,0.5481580966999232,0.5481580966999232,0.5481580966999232,2857,2355,2355,0.7478894858019954,0.7478894858019954,0.7478894858019954,0.7478894858019954,3898,1314,1314,0.2676470588235294,852,0.6839407744874715,1758,0.6673978341878047,0.6274416050350596,0.6468032338141411,0.7874763676282247,0.8236691863617517,0.8051662587494348,0.6741324016374208,51649,13939,11057,61,2.008838644565916,6.292813110351561,89448,,0.6,2,1,10.0,2.0,,,,,,,,,,,,
1,lite_v06,test,common,full,2610,5212,5212,0,0.488296239447429,0.488296239447429,0.48829623944742895,0.48829623944742906,2545,2667,2667,0.7135456638526477,0.7135456638526477,0.7135456638526477,0.7135456638526477,3719,1493,1493,0.11470588235294117,852,0.6691343963553531,1758,0.6066073171999701,0.6241158874384019,0.6152370617114203,0.7868515586945932,0.8243708736006123,0.8051743742309309,0.6740076624358206,51693,14003,11013,29,2.0269482419998557,6.36268424987793,89856,,0.5,3,0,10.0,2.0,,,,,,,,,,,,
1,lite_v06,test,tuned,static_history,2610,5212,5212,0,0.5289716039907905,0.5289716039907905,0.5289716039907905,0.5289716039907905,2757,2455,2455,0.7423254029163469,0.7423254029163469,0.7423254029163469,0.7423254029163467,3869,1343,1343,0.25588235294117645,852,0.6611617312072893,1758,0.6615295189045456,0.6225579195820163,0.6414523321195404,0.782741271535295,0.8187414282524799,0.8003367213319199,0.6672857866503877,51340,14250,11366,35,2.586578460551897,8.088775634765625,89096,,0.6,2,1,10.0,2.0,,,,,,,,,,,,
1,lite_v06,test,tuned,kalman,2610,5212,5212,0,0.5454719877206446,0.5454719877206446,0.5454719877206446,0.5454719877206446,2843,2369,2369,0.7480813507290868,0.7480813507290868,0.7480813507290868,0.7480813507290868,3899,1313,1313,0.26705882352941174,852,0.6802391799544419,1758,0.666802831977487,0.6268956814190971,0.6462337420906774,0.786744526437763,0.8229037093739037,0.8044179774580262,0.6730854418010788,51601,13987,11105,61,1.567281954894711,4.8173393249511705,89448,,0.6,2,1,10.0,2.0,10.0,16.0,0.0,40.0,10.0,0.6,,,,,,
1,lite_v06,test,tuned,carry,2610,5212,5212,0,0.11128165771297006,0.11128165771297006,0.11128165771297006,0.11128165771297006,580,4632,4632,0.3069838833461243,0.3069838833461243,0.3069838833461243,0.3069838833461243,1600,3612,3612,0.13117647058823528,852,0.10165148063781321,1758,0.413861406170125,0.3663908075786711,0.3886820496253939,0.5622353285390905,0.582256881319172,0.5720709781033335,0.4013917808219178,36511,28428,26195,116,1.7993232776571557,6.1297912597656214,85968,,0.6,2,1,10.0,2.0,,,,,,,,,,,,
1,lite_v06,seen_test,tuned,full,630,1257,1257,0,0.6825775656324582,0.6825775656324582,0.6825775656324582,0.6825775656324582,858,399,399,0.8154335719968179,0.8154335719968179,0.8154335719968178,0.8154335719968179,1025,232,232,0.5525114155251142,111,0.7357762777242043,520,0.7242068785081073,0.6623265404212582,0.6918858641891684,0.8421627877073422,0.8922416729105647,0.8664792459070613,0.7667956790480042,13099,2455,1582,175,2.018857177170351,6.002682495117185,21264,,0.6,2,1,10.0,2.0,,,,,,,0.9500000000000001,50.0,0.0,60.0,0.5583333333333333,60.0
1,lite_v06,seen_test,common,full,630,1257,1257,0,0.6857597454256166,0.6857597454256166,0.6857597454256166,0.6857597454256166,862,395,395,0.8345266507557677,0.8345266507557677,0.8345266507557677,0.8345266507557677,1049,208,208,0.5159817351598174,111,0.7396335583413692,520,0.6708011580498524,0.6722999851006307,0.6715497352709395,0.8399538698103537,0.8929909406716163,0.8656608009508403,0.7650964091906246,13110,2498,1571,143,2.1224750804526575,6.184367370605462,21388,,0.5,3,0,10.0,2.0,,,,,,,0.9500000000000001,50.0,0.0,60.0,0.45,60.0
1,lite_v06,seen_test,tuned,static_history,630,1257,1257,0,0.6483691328560064,0.6483691328560064,0.6483691328560064,0.6483691328560063,815,442,442,0.8082736674622116,0.8082736674622116,0.8082736674622116,0.8082736674622116,1016,241,241,0.54337899543379,111,0.6972034715525555,520,0.7204948567617409,0.6596034262808695,0.6887058436013076,0.8372451932351618,0.8868605680811934,0.8613389785657583,0.7589003278311383,13020,2531,1661,175,2.507196501194882,7.500744628906245,21189,,0.6,2,1,10.0,2.0,,,,,,,0.92,50.0,0.0,60.0,0.575,60.0
1,lite_v06,seen_test,tuned,kalman,630,1257,1257,0,0.6833731105807478,0.6833731105807478,0.6833731105807478,0.6833731105807479,859,398,398,0.8138424821002387,0.8138424821002387,0.8138424821002387,0.8138424821002387,1023,234,234,0.5570776255707762,111,0.7367405978784957,520,0.723384184164082,0.6617055159239292,0.6911715606044706,0.8415198662723415,0.8915605204005177,0.8658177608731602,0.7657756480572715,13089,2465,1592,175,1.6175716380771612,4.609307098388672,21264,,0.6,2,1,10.0,2.0,10.0,16.0,0.0,40.0,10.0,0.6,0.9500000000000001,50.0,0.0,60.0,0.5833333333333334,60.0
2,ufld_baseline,test,tuned,full,2610,5212,5212,0,0.8800844205679201,0.8800844205679201,0.8800844205679202,0.8800844205679201,4587,625,625,0.9675748273215656,0.9675748273215656,0.9675748273215656,0.9675748273215657,5043,169,169,0.7464705882352941,852,0.9447608200455581,1758,0.8382976879399476,0.7914729430134874,0.8142126574057639,0.938075559889183,0.9665741715306351,0.9521116583017194,0.9094244882193897,60610,4001,2096,607,1.5192664960610067,4.367245483398437,88662,,0.6,2,0,10.0,2.0,,,,,,,,,,,,
2,ufld_baseline,test,common,full,2610,5212,5212,0,0.8814274750575595,0.8814274750575595,0.8814274750575595,0.8814274750575595,4594,618,618,0.967766692248657,0.967766692248657,0.967766692248657,0.967766692248657,5044,168,168,0.7476470588235296,852,0.9461845102505695,1758,0.8363797228220228,0.7923770293253605,0.813783984973729,0.9361915487742791,0.967738334449654,0.9517035875318565,0.9085577693975116,60683,4136,2023,512,1.5398020720667969,4.436932373046873,89297,,0.5,3,0,10.0,2.0,,,,,,,,,,,,
2,ufld_baseline,test,tuned,kalman,2610,5212,5212,0,0.8802762854950115,0.8802762854950115,0.8802762854950116,0.8802762854950115,4588,624,624,0.9669992325402916,0.9669992325402916,0.9669992325402916,0.9669992325402916,5040,172,172,0.7505882352941177,852,0.9430523917995444,1758,0.8386339048601129,0.7917881678969065,0.8145380440569832,0.9382767640185108,0.9667814882148439,0.9523158729784711,0.9097933165926212,60623,3988,2083,607,1.1850236188937555,3.3884338378906236,88662,,0.6,2,0,10.0,2.0,10.0,16.0,0.0,40.0,10.0,0.6,,,,,,
2,ufld_baseline,seen_test,tuned,full,630,1257,1257,0,0.8496420047732697,0.8496420047732697,0.8496420047732697,0.8496420047732697,1068,189,189,0.9053301511535402,0.9053301511535402,0.9053301511535402,0.9053301511535403,1138,119,119,0.863013698630137,111,0.9170684667309547,520,0.8311497359283199,0.7888357538937323,0.8094401248144658,0.9153535616616747,0.9575641986240719,0.935983221811645,0.8819303739178486,14058,1300,623,306,1.9980828663188865,6.802581787109375,21101,,0.6,2,0,10.0,2.0,,,,,,,1.0,50.0,0.14166666666666666,60.0,0.85,60.0
2,ufld_baseline,seen_test,common,full,630,1257,1257,0,0.8496420047732697,0.8496420047732697,0.8496420047732697,0.8496420047732697,1068,189,189,0.9021479713603818,0.9021479713603818,0.9021479713603818,0.9021479713603818,1134,123,123,0.863013698630137,111,0.9170684667309547,520,0.8276684919522659,0.7894690423202102,0.8081176002066274,0.9128065395095368,0.9583815816361283,0.9350390430304037,0.8799950893131177,14070,1344,611,266,2.0392463892048673,6.94610595703125,21241,,0.5,3,0,10.0,2.0,,,,,,,1.0,50.0,0.14166666666666666,60.0,0.85,60.0
2,ufld_baseline,seen_test,tuned,kalman,630,1257,1257,0,0.8528241845664281,0.8528241845664281,0.8528241845664281,0.8528241845664281,1072,185,185,0.9053301511535402,0.9053301511535402,0.9053301511535402,0.9053301511535403,1138,119,119,0.867579908675799,111,0.9218900675024108,520,0.8345315275512272,0.7920473377227762,0.8127346158912807,0.9145070972782915,0.9566787003610109,0.9351176803488799,0.8804294478527608,14045,1313,636,306,1.504297954200834,4.8013458251953125,21101,,0.6,2,0,10.0,2.0,10.0,16.0,0.0,40.0,10.0,0.6,1.0,50.0,0.13333333333333333,60.0,0.8833333333333333,60.0
2,ufld_baseline_ct,test,tuned,full,2610,5212,5212,0,0.8866078280890253,0.8866078280890253,0.8866078280890254,0.8866078280890253,4621,591,591,0.9597083653108212,0.9597083653108212,0.9597083653108212,0.959708365310821,5002,210,210,0.7888235294117647,852,0.9339407744874715,1758,0.833079657504151,0.7860589755761749,0.8088865632280622,0.9352396842316665,0.9654419034861098,0.9501008341376525,0.905771652959917,60539,4192,2167,587,1.8139141899140918,5.5031387329101555,88604,,0.6,2,0,10.0,2.0,,,,,,,,,,,,
2,ufld_baseline_ct,test,common,full,2610,5212,5212,0,0.8860322333077514,0.8860322333077514,0.8860322333077514,0.8860322333077514,4618,594,594,0.9585571757482733,0.9585571757482733,0.9585571757482733,0.9585571757482734,4996,216,216,0.7876470588235294,852,0.9336560364464692,1758,0.8311581483755066,0.7863373966203157,0.8081267816722747,0.932864203994272,0.9661435907249705,0.9492122930849438,0.9040465336569771,60583,4360,2123,498,1.8792612705981853,5.71651611328125,89357,,0.5,3,0,10.0,2.0,,,,,,,,,,,,
2,ufld_baseline_ct,test,tuned,kalman,2610,5212,5212,0,0.8871834228702993,0.8871834228702993,0.8871834228702993,0.8871834228702993,4624,588,588,0.9593246354566385,0.9593246354566385,0.9593246354566385,0.9593246354566386,5000,212,212,0.7876470588235294,852,0.9353644646924829,1758,0.8332014022096568,0.7862656904734551,0.809053396356991,0.9352087871344488,0.9654100086116161,0.9500694460792392,0.905715174774401,60537,4194,2169,587,1.43480151241334,4.3162841796875,88604,,0.6,2,0,10.0,2.0,10.0,16.0,0.0,40.0,10.0,0.6,,,,,,
2,ufld_baseline_ct,seen_test,tuned,full,630,1257,1257,0,0.8456642800318218,0.8456642800318218,0.8456642800318218,0.8456642800318218,1063,194,194,0.9061256961018298,0.9061256961018298,0.9061256961018298,0.9061256961018298,1139,118,118,0.8356164383561644,111,0.9132111861137898,520,0.8327891941922886,0.7893210923664348,0.8104727303904232,0.9164707419017764,0.9558613173489544,0.9357516753909246,0.8818805933554003,14033,1279,648,354,2.3234868482779,8.00450592041015,20960,,0.6,2,0,10.0,2.0,,,,,,,1.0,50.0,0.13333333333333333,60.0,0.8416666666666667,60.0
2,ufld_baseline_ct,seen_test,common,full,630,1257,1257,0,0.8464598249801114,0.8464598249801114,0.8464598249801114,0.8464598249801114,1064,193,193,0.9013524264120922,0.9013524264120922,0.9013524264120922,0.9013524264120922,1133,124,124,0.8310502283105022,111,0.914175506268081,520,0.8283370250836071,0.7916564575979869,0.8095814729939023,0.9123921924648207,0.9583815816361283,0.9348216065377717,0.8798162327718223,14070,1351,611,293,2.3996284785431548,8.32762145996093,21195,,0.5,3,0,10.0,2.0,,,,,,,1.0,50.0,0.13333333333333333,60.0,0.8416666666666667,60.0
2,ufld_baseline_ct,seen_test,tuned,kalman,630,1257,1257,0,0.8488464598249801,0.8488464598249801,0.8488464598249801,0.8488464598249801,1067,190,190,0.9069212410501193,0.9069212410501193,0.9069212410501193,0.9069212410501193,1140,117,117,0.8447488584474886,111,0.9170684667309547,520,0.8362414068388643,0.7929217297776289,0.8140056301537083,0.9166666666666666,0.9560656631019685,0.9359517220684826,0.8822267181656551,14036,1276,645,354,1.810892126578411,5.8445404052734355,20960,,0.6,2,0,10.0,2.0,10.0,16.0,0.0,40.0,10.0,0.6,1.0,50.0,0.13333333333333333,60.0,0.8666666666666667,60.0
2,ufld_v02,test,tuned,full,2610,5212,5212,0,0.8766308518802763,0.8766308518802763,0.8766308518802765,0.8766308518802763,4569,643,643,0.9618188795088258,0.9618188795088258,0.9618188795088258,0.9618188795088257,5013,199,199,0.7564705882352941,852,0.9347949886104784,1758,0.8381550355282056,0.7848824795139097,0.8106444816038363,0.9396195202646815,0.9601633017574076,0.9497803333254459,0.9056852521182674,60208,3869,2498,933,1.436759796999168,4.424018478393554,87642,0.6354923844337463,0.6,3,0,10.0,2.0,,,,,,,,,,,,
2,ufld_v02,test,common,full,2610,5212,5212,0,0.876438986953185,0.876438986953185,0.876438986953185,0.876438986953185,4568,644,644,0.9606676899462778,0.9606676899462778,0.9606676899462778,0.9606676899462778,5007,205,205,0.7570588235294118,852,0.9342255125284739,1758,0.8367365633396728,0.7855356249816364,0.8103281113487639,0.9379951130686505,0.9611360954294644,0.9494246173961672,0.904982464447963,60269,3984,2437,887,1.484975386335063,4.602159118652347,88360,0.6354923844337463,0.5,3,0,10.0,2.0,,,,,,,,,,,,
2,ufld_v02,test,tuned,static_history,2610,5212,5212,0,0.8766308518802763,0.8766308518802763,0.8766308518802765,0.8766308518802763,4569,643,643,0.9562547966231773,0.9562547966231773,0.9562547966231773,0.9562547966231773,4984,228,228,0.7594117647058823,852,0.933371298405467,1758,0.8356069512253345,0.7826481184313198,0.8082609724354469,0.9378053920726853,0.9580103977290849,0.9478002256178854,0.902161698604211,60073,3984,2633,942,1.9196325536480725,5.819666671752913,87458,0.6354923844337463,0.6,3,0,10.0,2.0,,,,,,,,,,,,
2,ufld_v02,test,tuned,kalman,2610,5212,5212,0,0.8798925556408289,0.8798925556408289,0.8798925556408289,0.8798925556408289,4586,626,626,0.9623944742900997,0.9623944742900997,0.9623944742900997,0.9623944742900998,5016,196,196,0.76,852,0.9379271070615034,1758,0.8362014791882497,0.784794825036695,0.8096830225269915,0.9384694449635582,0.9610085159314898,0.9496052569375503,0.9053145817912658,60261,3951,2445,893,1.1864093168481409,3.5998382568359375,87951,0.6354923844337463,0.6,3,0,10.0,2.0,10.0,16.0,0.8,40.0,10.0,0.6,,,,,,
2,ufld_v02,seen_test,tuned,full,630,1257,1257,0,0.8480509148766905,0.8480509148766905,0.8480509148766905,0.8480509148766905,1066,191,191,0.8997613365155132,0.8997613365155132,0.8997613365155133,0.8997613365155132,1131,126,126,0.8447488584474886,111,0.9180327868852459,520,0.8417373905701152,0.788169326765086,0.8140730820759098,0.9203609775377116,0.9517062870376677,0.935771214252227,0.8820055367579206,13972,1209,709,365,1.7622190334236862,6.143133544921876,20677,0.6354923844337463,0.6,3,0,10.0,2.0,,,,,,,1.0,50.0,0.11666666666666667,60.0,0.8416666666666667,60.0
2,ufld_v02,seen_test,common,full,630,1257,1257,0,0.8496420047732697,0.8496420047732697,0.8496420047732697,0.8496420047732697,1068,189,189,0.898170246618934,0.898170246618934,0.898170246618934,0.898170246618934,1129,128,128,0.8538812785388128,111,0.9199614271938283,520,0.8400912973657855,0.789270992911188,0.8138885947768298,0.9186191507514603,0.9534091683127852,0.9356908884283709,0.8816655390860446,13997,1240,684,338,1.8287341872107783,6.383043670654295,20850,0.6354923844337463,0.5,3,0,10.0,2.0,,,,,,,1.0,50.0,0.11666666666666667,60.0,0.8416666666666667,60.0
2,ufld_v02,seen_test,tuned,static_history,630,1257,1257,0,0.8361177406523469,0.8361177406523469,0.8361177406523469,0.8361177406523469,1051,206,206,0.9013524264120922,0.9013524264120922,0.9013524264120922,0.9013524264120922,1133,124,124,0.7990867579908677,111,0.9035679845708775,520,0.8366791830600575,0.7832895876371244,0.8091046002098324,0.9184345763605218,0.9495265990055173,0.9337218259151343,0.8785069678924428,13940,1238,741,370,2.306739657721471,7.923647308349608,20630,0.6354923844337463,0.6,3,0,10.0,2.0,,,,,,,1.0,50.0,0.11666666666666667,60.0,0.8166666666666667,60.0
2,ufld_v02,seen_test,tuned,kalman,630,1257,1257,0,0.8504375497215593,0.8504375497215593,0.8504375497215593,0.8504375497215593,1069,188,188,0.9013524264120922,0.9013524264120922,0.9013524264120922,0.9013524264120922,1133,124,124,0.8584474885844748,111,0.9199614271938283,520,0.8409691274345792,0.7883331937332888,0.8138009373071942,0.9189117976417891,0.9502077515155644,0.9342977697408078,0.8792466765140325,13950,1231,731,336,1.4543690747684903,4.745140075683594,20736,0.6354923844337463,0.6,3,0,10.0,2.0,10.0,16.0,0.8,40.0,10.0,0.6,1.0,50.0,0.125,60.0,0.8333333333333334,60.0
2,ufld_v03,test,tuned,full,2610,5212,5212,0,0.8937068303914044,0.8937068303914044,0.8937068303914044,0.8937068303914044,4658,554,554,0.9618188795088258,0.9618188795088258,0.9618188795088258,0.9618188795088257,5013,199,199,0.7952941176470588,852,0.9413439635535308,1758,0.8435912394777982,0.7964127543214301,0.8193233981065425,0.9383114365043664,0.9646923739355086,0.9513190485551406,0.9081235901697733,60492,3977,2214,701,1.6073307134327495,5.055499267578122,88627,0.7140135765075684,0.6,2,0,10.0,2.0,,,,,,,,,,,,
2,ufld_v03,test,common,full,2610,5212,5212,0,0.8927475057559479,0.8927475057559479,0.8927475057559479,0.8927475057559479,4653,559,559,0.9606676899462778,0.9606676899462778,0.9606676899462778,0.9606676899462778,5007,205,205,0.7941176470588235,852,0.9404897494305239,1758,0.8411920602440274,0.7969002211726721,0.8184473444651288,0.9360629629056948,0.9654259560488629,0.950517746253307,0.9066014669926651,60538,4135,2168,644,1.6518392340763477,5.248797607421871,89269,0.7140135765075684,0.5,3,0,10.0,2.0,,,,,,,,,,,,
2,ufld_v03,test,tuned,static_history,2610,5212,5212,0,0.8793169608595549,0.8793169608595549,0.8793169608595549,0.8793169608595549,4583,629,629,0.9595165003837298,0.9595165003837298,0.9595165003837298,0.9595165003837297,5001,211,211,0.7652941176470588,852,0.9345102505694761,1758,0.8363761457642632,0.787721527675843,0.8113200406937907,0.9341899042564747,0.9600676171339266,0.9469520011954479,0.9003251071375794,60202,4241,2504,723,2.1552069307254547,6.727856445312497,88228,0.7278925776481628,0.6,2,0,10.0,2.0,,,,,,,,,,,,
2,ufld_v03,test,tuned,kalman,2610,5212,5212,0,0.8923637759017652,0.8923637759017652,0.8923637759017652,0.8923637759017652,4651,561,561,0.9623944742900997,0.9623944742900997,0.9623944742900997,0.9623944742900998,5016,196,196,0.7929411764705884,852,0.9404897494305239,1758,0.8434243049624817,0.7963009933294881,0.8191855215498037,0.9384665498146396,0.9648518483079769,0.9514763121682721,0.9084068038115594,60502,3967,2204,701,1.273596294741861,4.006321716308591,88627,0.7140135765075684,0.6,2,0,10.0,2.0,10.0,16.0,0.0,40.0,10.0,0.6,,,,,,
2,ufld_v03,seen_test,tuned,full,630,1257,1257,0,0.8599840891010342,0.8599840891010342,0.8599840891010342,0.8599840891010342,1081,176,176,0.9077167859984089,0.9077167859984089,0.9077167859984089,0.9077167859984089,1141,116,116,0.8812785388127854,111,0.9276759884281581,520,0.8520037285432625,0.7951694209624992,0.8226060650477677,0.9234317343173432,0.9545671275798652,0.9387413336905918,0.8874738525901317,14014,1162,667,411,2.033561144903599,6.931079101562499,20743,0.6950491070747375,0.6,2,0,10.0,2.0,,,,,,,1.0,50.0,0.15833333333333333,60.0,0.85,60.0
2,ufld_v03,seen_test,common,full,630,1257,1257,0,0.8591885441527446,0.8591885441527446,0.8591885441527447,0.8591885441527446,1080,177,177,0.9053301511535402,0.9053301511535402,0.9053301511535402,0.9053301511535403,1138,119,119,0.8767123287671232,111,0.926711668273867,520,0.8490243298973663,0.796008064968556,0.821661890747034,0.9205350118017309,0.9563381241059873,0.9380950790097884,0.8861234021632252,14040,1212,641,379,2.089419283670347,7.19966583251952,20914,0.6950491070747375,0.5,3,0,10.0,2.0,,,,,,,1.0,50.0,0.15833333333333333,60.0,0.85,60.0
2,ufld_v03,seen_test,tuned,static_history,630,1257,1257,0,0.843277645186953,0.843277645186953,0.843277645186953,0.843277645186953,1060,197,197,0.9013524264120922,0.9013524264120922,0.9013524264120922,0.9013524264120922,1133,124,124,0.8401826484018263,111,0.9122468659594986,520,0.8403375092708497,0.784060388630868,0.8112240910322361,0.917877572489973,0.9508889040256113,0.9340916694546672,0.8793261868300153,13960,1249,721,395,2.654794652376005,9.229003906249996,20709,0.7096931338310242,0.6,2,0,10.0,2.0,,,,,,,1.0,50.0,0.11666666666666667,60.0,0.825,60.0
2,ufld_v03,seen_test,tuned,kalman,630,1257,1257,0,0.8575974542561655,0.8575974542561655,0.8575974542561655,0.8575974542561655,1078,179,179,0.9061256961018298,0.9061256961018298,0.9061256961018298,0.9061256961018298,1139,118,118,0.8812785388127854,111,0.926711668273867,520,0.8537183570178453,0.7969124645096242,0.824337933128648,0.9231022667369531,0.9542265513248417,0.9384064038583917,0.8868934128790209,14009,1167,672,411,1.5910639455530744,5.370498657226558,20743,0.6950491070747375,0.6,2,0,10.0,2.0,10.0,16.0,0.0,40.0,10.0,0.6,1.0,50.0,0.14166666666666666,60.0,0.8583333333333333,60.0
2,ufld_v04,test,tuned,full,2610,5212,5212,0,0.896392939370683,0.896392939370683,0.8963929393706829,0.8963929393706829,4672,540,540,0.9637375287797391,0.9637375287797391,0.9637375287797391,0.9637375287797391,5023,189,189,0.8088235294117648,852,0.9387813211845103,1758,0.8401118990200079,0.7944600039490519,0.8166484464840513,0.9376218625235988,0.9662711702229452,0.9517309625534054,0.9088468668891361,60591,4031,2115,688,1.5810088498668262,4.922306060791016,88976,0.6330423355102539,0.6,2,0,10.0,2.0,,,,,,,,,,,,
2,ufld_v04,test,common,full,2610,5212,5212,0,0.8956254796623178,0.8956254796623178,0.8956254796623178,0.8956254796623179,4668,544,544,0.9635456638526477,0.9635456638526477,0.9635456638526477,0.9635456638526478,5022,190,190,0.8070588235294117,852,0.9384965831435079,1758,0.8390751887649691,0.7948514741195095,0.8163648538662659,0.9363078966470525,0.9668133830893375,0.951316150798321,0.90803728898967,60625,4124,2081,643,1.6329030376069187,5.1392211914062464,89512,0.6330423355102539,0.5,3,0,10.0,2.0,,,,,,,,,,,,
2,ufld_v04,test,tuned,static_history,2610,5212,5212,0,0.8904451266308518,0.8904451266308518,0.8904451266308518,0.8904451266308518,4641,571,571,0.9577897160399079,0.9577897160399079,0.9577897160399079,0.957789716039908,4992,220,220,0.7958823529411765,852,0.9362186788154897,1758,0.8366477747673655,0.7919850684370459,0.8137040191982288,0.9358766108197584,0.9647561636844959,0.950096979120042,0.9058964638985962,60496,4145,2210,681,2.1172881688459295,6.498345947265625,88817,0.6330423355102539,0.6,2,0,10.0,2.0,,,,,,,,,,,,
2,ufld_v04,test,tuned,kalman,2610,5212,5212,0,0.8956254796623178,0.8956254796623178,0.8956254796623178,0.8956254796623179,4668,544,544,0.9629700690713737,0.9629700690713737,0.9629700690713737,0.9629700690713738,5019,193,193,0.81,852,0.9370728929384966,1758,0.8394097690082096,0.7938686275915807,0.8160042803441299,0.9376218625235988,0.9662711702229452,0.9517309625534054,0.9088468668891361,60591,4031,2115,688,1.290308394978274,4.007228851318359,88976,0.6330423355102539,0.6,2,0,10.0,2.0,10.0,16.0,0.0,40.0,10.0,0.6,,,,,,
2,ufld_v04,seen_test,tuned,full,630,1257,1257,0,0.8568019093078759,0.8568019093078759,0.8568019093078759,0.8568019093078759,1077,180,180,0.9101034208432777,0.9101034208432777,0.9101034208432777,0.9101034208432777,1144,113,113,0.8721461187214612,111,0.9247830279652843,520,0.8461661575365815,0.7959999759940111,0.8203168087968801,0.9169234804275129,0.9525236700497242,0.9343846051049045,0.8797010902854343,13984,1267,697,378,1.9085320469607279,6.773041534423829,20852,0.6330422759056091,0.6,2,0,10.0,2.0,,,,,,,1.0,50.0,0.15,60.0,0.85,60.0
2,ufld_v04,seen_test,common,full,630,1257,1257,0,0.8552108194112967,0.8552108194112967,0.8552108194112967,0.8552108194112967,1075,182,182,0.9061256961018298,0.9061256961018298,0.9061256961018298,0.9061256961018298,1139,118,118,0.8721461187214612,111,0.922854387656702,520,0.8441882037422325,0.7967068479953825,0.8197605595874565,0.9150548876110821,0.9538859750698181,0.9340670335167582,0.8789048144064682,14004,1300,677,345,1.9771230888611895,7.043667602539061,21003,0.6330422759056091,0.5,3,0,10.0,2.0,,,,,,,1.0,50.0,0.15,60.0,0.8333333333333334,60.0
2,ufld_v04,seen_test,tuned,static_history,630,1257,1257,0,0.8448687350835322,0.8448687350835322,0.8448687350835322,0.8448687350835322,1062,195,195,0.9077167859984089,0.9077167859984089,0.9077167859984089,0.9077167859984089,1141,116,116,0.863013698630137,111,0.9151398264223722,520,0.8407843743995289,0.7912387012029349,0.8152594731493282,0.9185573770491803,0.9541584360738369,0.9360195115432159,0.882565769301527,14008,1242,673,384,2.5286788068247597,8.83670349121093,20819,0.6330422759056091,0.6,2,0,10.0,2.0,,,,,,,1.0,50.0,0.10833333333333334,60.0,0.825,60.0
2,ufld_v04,seen_test,tuned,kalman,630,1257,1257,0,0.8552108194112967,0.8552108194112967,0.8552108194112967,0.8552108194112967,1075,182,182,0.9093078758949881,0.9093078758949881,0.9093078758949881,0.9093078758949881,1143,114,114,0.8721461187214612,111,0.9238187078109933,520,0.8470927026224444,0.7971872287094929,0.8213826261524775,0.9169890498983673,0.9525917853007289,0.9344514232259788,0.8798162327718223,13985,1266,696,378,1.5171723975893772,5.290269470214849,20852,0.6330422759056091,0.6,2,0,10.0,2.0,10.0,16.0,0.0,40.0,10.0,0.6,1.0,50.0,0.14166666666666666,60.0,0.85,60.0
2,ufld_v06,test,tuned,full,2610,5212,5212,0,0.8879508825786646,0.8879508825786646,0.8879508825786646,0.8879508825786646,4628,584,584,0.9650805832693784,0.9650805832693784,0.9650805832693784,0.9650805832693783,5030,182,182,0.7829411764705883,852,0.9387813211845103,1758,0.8406153442825499,0.7945997971985777,0.8169601236494369,0.9369840608557454,0.968408126814021,0.9524369681998196,0.9100348587109693,60725,4084,1981,625,1.6699971423389366,5.3518661499023406,89232,0.7747803926467896,0.6,3,0,10.0,2.0,,,,,,,,,,,,
2,ufld_v06,test,common,full,2610,5212,5212,0,0.886415963161934,0.886415963161934,0.886415963161934,0.886415963161934,4620,592,592,0.9637375287797391,0.9637375287797391,0.9637375287797391,0.9637375287797391,5023,189,189,0.78,852,0.9379271070615034,1758,0.8386139397243528,0.7951249266453478,0.8162906092682753,0.9351612506154604,0.9692533409881032,0.9519021441212863,0.9089440054556506,60778,4214,1928,533,1.723489074015115,5.588066101074219,89976,0.7747803926467896,0.5,3,0,10.0,2.0,,,,,,,,,,,,
2,ufld_v06,test,tuned,static_history,2610,5212,5212,0,0.8798925556408289,0.8798925556408289,0.8798925556408289,0.8798925556408289,4586,626,626,0.9620107444359172,0.9620107444359172,0.9620107444359172,0.9620107444359172,5014,198,198,0.7647058823529412,852,0.9356492027334852,1758,0.8338026447487801,0.7866670976805178,0.809549341661319,0.9329259825024302,0.9642139508181036,0.9483119632984355,0.9026109313356089,60462,4347,2244,624,2.158570658848326,6.8826904296875,88981,0.7790639400482178,0.6,3,0,10.0,2.0,,,,,,,,,,,,
2,ufld_v06,test,tuned,kalman,2610,5212,5212,0,0.88584036838066,0.88584036838066,0.88584036838066,0.88584036838066,4617,595,595,0.9645049884881044,0.9645049884881044,0.9645049884881044,0.9645049884881044,5027,185,185,0.7752941176470588,852,0.9393507972665148,1758,0.8399624861326278,0.794727751879802,0.8167192569513306,0.9364690284586686,0.9687270755589577,0.9523249615903177,0.9097411848510032,60745,4121,1961,557,1.344979360502672,4.3040313720703125,89491,0.7747803926467896,0.6,3,0,10.0,2.0,10.0,16.0,0.8,40.0,10.0,0.6,,,,,,
2,ufld_v06,seen_test,tuned,full,630,1257,1255,0,0.848605577689243,0.847255369928401,0.8479299363057325,0.8475250676428457,1065,190,192,0.901195219123506,0.8997613365155132,0.9004777070063695,0.9000477478911351,1131,124,126,0.8447488584474886,111,0.9170684667309547,520,0.8359713368196415,0.7998370202096505,0.8175050826085576,0.905999358357395,0.9617873441863634,0.933060199563867,0.8760097919216646,14120,1465,561,194,2.199167800369177,8.217837524414062,21368,0.7716826796531677,0.6,3,0,10.0,2.0,,,,,,,1.0,50.0,0.11764705882352941,60.0,0.8333333333333334,60.0
2,ufld_v06,seen_test,common,full,630,1257,1253,0,0.8499600957701516,0.847255369928401,0.848605577689243,0.8477949371119249,1065,188,192,0.9018355945730248,0.8989657915672236,0.900398406374502,0.8995382900811972,1130,123,127,0.8447488584474886,111,0.9170684667309547,520,0.8335806419760609,0.7996199225702482,0.816247193225919,0.9020697585281717,0.961855459437368,0.9310037910004945,0.8720034246575342,14121,1533,560,138,2.3086146177957643,8.686737060546875,21581,0.7716826796531677,0.5,3,0,10.0,2.0,,,,,,,1.0,50.0,0.11864406779661019,60.0,0.8333333333333334,60.0
2,ufld_v06,seen_test,tuned,static_history,630,1257,1254,0,0.8452950558213717,0.843277645186953,0.8442851453604142,0.8436803565743394,1060,194,197,0.89792663476874,0.8957836117740652,0.8968538430904022,0.8962113976440623,1126,128,131,0.8310502283105022,111,0.9112825458052073,520,0.8277904705223645,0.7904645080585757,0.8086970171175776,0.9008852963818321,0.9565424698590014,0.9278800092503882,0.8670442779706438,14043,1545,638,193,2.8183606945358597,10.514332580566423,21312,0.7765289545059204,0.6,3,0,10.0,2.0,,,,,,,1.0,50.0,0.12658227848101264,60.0,0.8166666666666667,60.0
2,ufld_v06,seen_test,tuned,kalman,630,1257,1255,0,0.850199203187251,0.8488464598249801,0.8495222929936306,0.8491166640140061,1067,188,190,0.8972111553784861,0.8957836117740652,0.8964968152866242,0.896068756963234,1126,129,131,0.8538812785388128,111,0.9199614271938283,520,0.8352985075438122,0.8019933842625608,0.8183072062922685,0.9042341938376786,0.9615148831823446,0.9319952462696421,0.8738749770403478,14116,1495,565,157,1.7834003577135518,6.563839721679687,21468,0.7716826796531677,0.6,3,0,10.0,2.0,10.0,16.0,0.8,40.0,10.0,0.6,1.0,50.0,0.10924369747899161,60.0,0.85,60.0
2,ufld_v07,test,tuned,full,2610,5212,5212,0,0.9048349961627015,0.9048349961627015,0.9048349961627015,0.9048349961627015,4716,496,496,0.9691097467382962,0.9691097467382962,0.9691097467382962,0.9691097467382962,5051,161,161,0.8223529411764706,852,0.9447608200455581,1758,0.8461547213599747,0.7983181504206035,0.8215406696181584,0.9393934712416382,0.9696998692310146,0.9543061168438812,0.9134074889212741,60806,3923,1900,617,1.5529511371821059,4.75126190185547,89280,,0.6,3,0,10.0,2.0,,,,,,,,,,,,
2,ufld_v07,test,common,full,2610,5212,5212,0,0.9040675364543361,0.9040675364543361,0.904067536454336,0.9040675364543361,4712,500,500,0.968342287029931,0.968342287029931,0.968342287029931,0.968342287029931,5047,165,165,0.8211764705882352,852,0.9441913439635535,1758,0.8446243658647592,0.7988858496414724,0.8211186614911546,0.9378948990599476,0.9705610308423437,0.9539483996363523,0.9126751772206453,60860,4030,1846,553,1.5993341386710551,4.909221649169922,89936,,0.5,3,0,10.0,2.0,,,,,,,,,,,,
2,ufld_v07,test,tuned,static_history,2610,5212,5212,0,0.8996546431312357,0.8996546431312357,0.8996546431312357,0.8996546431312357,4689,523,523,0.965464313123561,0.965464313123561,0.965464313123561,0.9654643131235608,5032,180,180,0.8158823529411765,852,0.9402050113895216,1758,0.8417243255733822,0.7938759883594364,0.8171002722345966,0.9381838412561043,0.9681370203808248,0.9529251102704569,0.9109163819991088,60708,4000,1998,624,1.9626021019143733,5.9216796874999975,89167,,0.6,3,0,10.0,2.0,,,,,,,,,,,,
2,ufld_v07,test,tuned,kalman,2610,5212,5212,0,0.9057943207981581,0.9057943207981581,0.9057943207981581,0.905794320798158,4721,491,491,0.9693016116653875,0.9693016116653875,0.9693016116653875,0.9693016116653875,5052,160,160,0.8270588235294117,852,0.9439066059225513,1758,0.8452140317899848,0.7984295433741527,0.8211559533375268,0.9389963416328357,0.9700985551621855,0.9542940959612202,0.9133183582999866,60831,3952,1875,565,1.2485735414735055,3.7236480712890625,89551,,0.6,3,0,10.0,2.0,10.0,16.0,0.8,40.0,10.0,0.6,,,,,,
2,ufld_v07,test,tuned,carry,2610,5212,5212,0,0.8582118188795088,0.8582118188795088,0.8582118188795088,0.8582118188795088,4473,739,739,0.9485801995395242,0.9485801995395242,0.9485801995395242,0.9485801995395241,4944,268,268,0.7276470588235294,852,0.9214123006833713,1758,0.8168790708873441,0.7766452895655533,0.7962542629333019,0.9294746708049721,0.9647083213727554,0.9467638059613895,0.8994784047756254,60493,4590,2213,381,2.375978983596557,8.54314575195311,88609,,0.6,3,0,10.0,2.0,,,,,,,,,,,,
2,ufld_v07,seen_test,tuned,full,630,1257,1257,0,0.8496420047732697,0.8496420047732697,0.8496420047732697,0.8496420047732697,1068,189,189,0.9053301511535402,0.9053301511535402,0.9053301511535402,0.9053301511535403,1138,119,119,0.863013698630137,111,0.9199614271938283,520,0.8432550091906957,0.7993900391323714,0.8207368420629626,0.9140797506169632,0.9587221578911518,0.935868878619635,0.8817797389225961,14075,1323,606,313,1.9981944930665079,6.923277282714848,21142,,0.6,3,0,10.0,2.0,,,,,,,1.0,50.0,0.11666666666666667,60.0,0.8333333333333334,60.0
2,ufld_v07,seen_test,common,full,630,1257,1257,0,0.8496420047732697,0.8496420047732697,0.8496420047732697,0.8496420047732697,1068,189,189,0.9045346062052506,0.9045346062052506,0.9045346062052506,0.9045346062052506,1137,120,120,0.863013698630137,111,0.9199614271938283,520,0.8396803451960697,0.7998445873148701,0.8192785188709251,0.9108827710999096,0.9600844629112458,0.9348366771679656,0.8796398382947446,14095,1379,586,266,2.0927443175726617,7.273661804199216,21360,,0.5,3,0,10.0,2.0,,,,,,,1.0,50.0,0.11666666666666667,60.0,0.8333333333333334,60.0
2,ufld_v07,seen_test,tuned,static_history,630,1257,1257,0,0.8448687350835322,0.8448687350835322,0.8448687350835322,0.8448687350835322,1062,195,195,0.9069212410501193,0.9069212410501193,0.9069212410501193,0.9069212410501193,1140,117,117,0.8447488584474886,111,0.914175506268081,520,0.8375961956601068,0.7935860694289731,0.8149974247620517,0.9136620541804716,0.9579728901301001,0.9352929440712907,0.8808182263596276,14064,1329,617,318,2.5027164822644887,8.725946044921866,21109,,0.6,3,0,10.0,2.0,,,,,,,1.0,50.0,0.11666666666666667,60.0,0.8166666666666667,60.0
2,ufld_v07,seen_test,tuned,kalman,630,1257,1257,0,0.8520286396181385,0.8520286396181385,0.8520286396181385,0.8520286396181385,1071,186,186,0.9029435163086714,0.9029435163086714,0.9029435163086714,0.9029435163086715,1135,122,122,0.867579908675799,111,0.922854387656702,520,0.8412067349452846,0.7987844097801443,0.8194468944999697,0.9114630663377905,0.9564743546079967,0.9334263967826637,0.8772144915098388,14042,1364,639,268,1.6405299980214267,5.4439697265625,21221,,0.6,3,0,10.0,2.0,10.0,16.0,0.8,40.0,10.0,0.6,1.0,50.0,0.11666666666666667,60.0,0.85,60.0
2,lite_baseline,test,tuned,full,2610,5212,5212,0,0.2250575594781274,0.2250575594781274,0.2250575594781274,0.2250575594781274,1173,4039,4039,0.3702993092862625,0.3702993092862625,0.3702993092862625,0.3702993092862625,1930,3282,3282,0.061764705882352944,852,0.3041002277904328,1758,0.43545081619565623,0.3936063266290437,0.4134725758623179,0.5657298415305533,0.5932287181449941,0.579153043749027,0.4076111372875599,37199,28555,25507,0,1.922407073381668,6.592565155029296,93672,,0.4,2,1,10.0,2.0,,,,,,,,,,,,
2,lite_baseline,test,common,full,2610,5212,5212,0,0.11550268610897928,0.11550268610897928,0.11550268610897928,0.11550268610897928,602,4610,4610,0.3234842670759785,0.3234842670759785,0.3234842670759785,0.3234842670759785,1686,3526,3526,0.021176470588235293,852,0.1611617312072893,1758,0.4018548285947404,0.3971847025823475,0.3995061179052187,0.5657298415305533,0.5932287181449941,0.579153043749027,0.4076111372875599,37199,28555,25507,0,1.922407073381668,6.592565155029296,93672,,0.5,3,0,10.0,2.0,,,,,,,,,,,,
2,lite_baseline,test,tuned,kalman,2610,5212,5212,0,0.21910974673829625,0.21910974673829625,0.21910974673829625,0.21910974673829625,1142,4070,4070,0.3702993092862625,0.3702993092862625,0.3702993092862625,0.3702993092862625,1930,3282,3282,0.054705882352941174,852,0.29869020501138954,1758,0.435087711441196,0.3933039217496398,0.4131420365890558,0.5652279709219211,0.5927024527158485,0.5786392651408999,0.40710232874011437,37166,28588,25540,0,1.164967710410452,3.901127624511718,93672,,0.4,2,1,10.0,2.0,0.1,16.0,0.0,40.0,10.0,0.4,,,,,,
2,lite_baseline,seen_test,tuned,full,630,1257,1257,0,0.17899761336515513,0.17899761336515513,0.17899761336515516,0.17899761336515513,225,1032,1032,0.45743834526650756,0.45743834526650756,0.45743834526650756,0.4574383452665076,575,682,682,0.1506849315068493,111,0.19575699132111862,520,0.4830186329638488,0.4372283833245007,0.4589842776305619,0.6255300297449529,0.6732511409304544,0.6485138770421889,0.479852412855617,9884,5917,4797,0,2.0324379387025306,6.971051025390615,22248,,0.4,2,1,10.0,2.0,,,,,,,0.22,50.0,0.0,60.0,0.0,60.0
2,lite_baseline,seen_test,common,full,630,1257,1257,0,0.10819411296738266,0.10819411296738266,0.10819411296738266,0.10819411296738266,136,1121,1121,0.3922036595067621,0.3922036595067621,0.39220365950676217,0.3922036595067621,493,764,764,0.0410958904109589,111,0.13018322082931533,520,0.4353171068364751,0.4246343718271976,0.4299093862700009,0.6255300297449529,0.6732511409304544,0.6485138770421889,0.479852412855617,9884,5917,4797,0,2.0324379387025306,6.971051025390615,22248,,0.5,3,0,10.0,2.0,,,,,,,0.01,50.0,0.0,60.0,0.0,60.0
2,lite_baseline,seen_test,tuned,kalman,630,1257,1257,0,0.18297533810660302,0.18297533810660302,0.18297533810660302,0.18297533810660302,230,1027,1027,0.4502784407319014,0.4502784407319014,0.4502784407319014,0.4502784407319014,566,691,691,0.1552511415525114,111,0.19864995178399228,520,0.48238195364257497,0.4367579181275746,0.45843759864206884,0.62793494082653,0.6758395204686329,0.6510071517616954,0.4825875486381323,9922,5879,4759,0,1.3001917606204245,4.315332031249998,22248,,0.4,2,1,10.0,2.0,0.1,16.0,0.0,40.0,10.0,0.4,0.24,50.0,0.0,60.0,0.0,60.0
2,lite_baseline_ct,test,tuned,full,2610,5212,5212,0,0.3551419800460476,0.3551419800460476,0.3551419800460476,0.3551419800460476,1851,3361,3361,0.5230237912509593,0.5230237912509593,0.5230237912509593,0.5230237912509593,2726,2486,2486,0.1388235294117647,852,0.4598519362186788,1758,0.5481451780909858,0.49903251907496987,0.5224371561423581,0.6768919576590826,0.7097725895448601,0.6929424403306917,0.5301656879444451,44507,21245,18199,2,2.5925502931374513,7.972088623046863,93343,,0.4,2,1,10.0,2.0,,,,,,,,,,,,
2,lite_baseline_ct,test,common,full,2610,5212,5212,0,0.21488871834228704,0.21488871834228704,0.21488871834228707,0.21488871834228704,1120,4092,4092,0.5186108979278587,0.5186108979278587,0.5186108979278587,0.5186108979278587,2703,2509,2509,0.06411764705882353,852,0.28787015945330297,1758,0.49135436238977254,0.4992668368517088,0.4952789996246177,0.6769694111920661,0.7097566421076134,0.6929754221519826,0.5302378768567378,44506,21237,18200,8,2.5011278502857146,7.7296142578124964,92942,,0.5,3,0,10.0,2.0,,,,,,,,,,,,
2,lite_baseline_ct,test,tuned,kalman,2610,5212,5212,0,0.35015349194167306,0.35015349194167306,0.35015349194167306,0.35015349194167306,1825,3387,3387,0.5262854950115119,0.5262854950115119,0.5262854950115119,0.5262854950115119,2743,2469,2469,0.13058823529411764,852,0.4564350797266515,1758,0.5476259618105621,0.4985543145232796,0.5219392721919256,0.6765117410877236,0.7093739036136892,0.6925532080524375,0.5297101621853343,44482,21270,18224,2,1.9160985452056067,5.81339874267578,93343,,0.4,2,1,10.0,2.0,1.0,16.0,0.0,40.0,10.0,0.4,,,,,,
2,lite_baseline_ct,seen_test,tuned,full,630,1257,1257,0,0.4089101034208433,0.4089101034208433,0.4089101034208433,0.4089101034208433,514,743,743,0.6125696101829753,0.6125696101829753,0.6125696101829753,0.6125696101829753,770,487,487,0.3150684931506849,111,0.40501446480231434,520,0.6014884689950519,0.5424007084897963,0.5704184953453333,0.7079455523899968,0.7616647367345548,0.7338233363958524,0.5796891191709844,11182,4613,3499,6,2.5488358094133767,7.732788085937505,22187,,0.4,2,1,10.0,2.0,,,,,,,0.94,50.0,0.0,60.0,0.24166666666666667,60.0
2,lite_baseline_ct,seen_test,common,full,630,1257,1257,0,0.3317422434367542,0.3317422434367542,0.3317422434367542,0.3317422434367542,417,840,840,0.5839299920445505,0.5839299920445505,0.5839299920445505,0.5839299920445505,734,523,523,0.1643835616438356,111,0.351976856316297,520,0.5279893085620058,0.5258551024599093,0.5269200444539559,0.7092477483191678,0.7616647367345548,0.734522284625743,0.5811917098445596,11182,4584,3499,35,2.487399957605609,7.565937042236328,22106,,0.5,3,0,10.0,2.0,,,,,,,0.52,50.0,0.0,60.0,0.10000000000000002,60.0
2,lite_baseline_ct,seen_test,tuned,kalman,630,1257,1257,0,0.4081145584725537,0.4081145584725537,0.4081145584725537,0.4081145584725537,513,744,744,0.609387430389817,0.609387430389817,0.609387430389817,0.609387430389817,766,491,491,0.3242009132420091,111,0.40597878495660555,520,0.6007972101694347,0.5418798829029607,0.5698196347310737,0.7088952200063311,0.7626864654996254,0.7348077175482347,0.5809178117708064,11197,4598,3484,6,1.8877756664922423,5.887796020507815,22187,,0.4,2,1,10.0,2.0,1.0,16.0,0.0,40.0,10.0,0.4,0.92,50.0,0.0,60.0,0.26666666666666666,60.0
2,lite_v05,test,tuned,full,2610,5212,5212,0,0.6920567920184191,0.6920567920184191,0.6920567920184191,0.692056792018419,3607,1605,1605,0.896968534151957,0.896968534151957,0.896968534151957,0.896968534151957,4675,537,537,0.4105882352941176,852,0.8283029612756264,1758,0.7514411787430062,0.6956139699277056,0.7224506709267434,0.8714858213844912,0.9120817784582018,0.8913217956410276,0.8042636202879838,57193,8434,5513,114,1.807027858290507,5.676017761230468,91467,0.5167884230613708,0.5,2,1,10.0,2.0,,,,,,,,,,,,
2,lite_v05,test,common,full,2610,5212,5212,0,0.6308518802762855,0.6308518802762855,0.6308518802762855,0.6308518802762855,3288,1924,1924,0.8919800460475825,0.8919800460475825,0.8919800460475825,0.8919800460475825,4649,563,563,0.29058823529411765,852,0.7955580865603644,1758,0.7078455315567008,0.692020197701637,0.6998434127673261,0.8714858213844912,0.9120817784582018,0.8913217956410276,0.8042636202879838,57193,8434,5513,114,1.807027858290507,5.676017761230468,91467,0.5167884230613708,0.5,3,0,10.0,2.0,,,,,,,,,,,,
2,lite_v05,test,tuned,static_history,2610,5212,5212,0,0.672678434382195,0.672678434382195,0.672678434382195,0.672678434382195,3506,1706,1706,0.8914044512663085,0.8914044512663085,0.8914044512663085,0.8914044512663085,4646,566,566,0.40941176470588236,852,0.8001138952164009,1758,0.7426200363516609,0.6874483634467458,0.7139699453881757,0.8616057148949782,0.9020986827416834,0.881387358891858,0.7881444374869547,56567,9086,6139,73,2.6291090566408952,8.536279296874982,91319,0.5164465308189392,0.5,2,1,10.0,2.0,,,,,,,,,,,,
2,lite_v05,test,tuned,kalman,2610,5212,5212,0,0.6939754412893323,0.6939754412893323,0.6939754412893323,0.6939754412893323,3617,1595,1595,0.8956254796623178,0.8956254796623178,0.8956254796623178,0.8956254796623179,4668,544,544,0.41294117647058826,852,0.8300113895216401,1758,0.7511187754696352,0.6953170856241935,0.7221415507801502,0.8717448611089947,0.912352884891398,0.8915867313941076,0.8046941898170894,57210,8417,5496,114,1.4258667941076084,4.447428894042966,91467,0.5167884230613708,0.5,2,1,10.0,2.0,10.0,16.0,0.0,40.0,10.0,0.5,,,,,,
2,lite_v05,seen_test,tuned,full,630,1257,1257,0,0.7844073190135242,0.7844073190135242,0.7844073190135243,0.7844073190135242,986,271,271,0.8607796340493238,0.8607796340493238,0.8607796340493238,0.8607796340493238,1082,175,175,0.7625570776255708,111,0.8582449373191899,520,0.7701643506080721,0.6945441432301676,0.7304021807612687,0.8835682564201583,0.9350861657925209,0.9085975246541796,0.8345414245492122,13728,1809,953,203,1.8571868822842255,5.614703369140624,21549,0.535371720790863,0.5,2,1,10.0,2.0,,,,,,,0.94,50.0,0.016666666666666666,60.0,0.6916666666666667,60.0
2,lite_v05,seen_test,common,full,630,1257,1257,0,0.7828162291169452,0.7828162291169452,0.7828162291169452,0.7828162291169452,984,273,273,0.8631662688941926,0.8631662688941926,0.8631662688941926,0.8631662688941926,1085,172,172,0.7123287671232877,111,0.8505303760848602,520,0.7170134416622961,0.7066783878517171,0.7118084019557622,0.8835682564201583,0.9350861657925209,0.9085975246541796,0.8345414245492122,13728,1809,953,203,1.8571868822842255,5.614703369140624,21549,0.535371720790863,0.5,3,0,10.0,2.0,,,,,,,0.94,50.0,0.06666666666666667,60.0,0.65,60.0
2,lite_v05,seen_test,tuned,static_history,630,1257,1257,0,0.7486077963404932,0.7486077963404932,0.7486077963404932,0.7486077963404932,941,316,316,0.8560063643595863,0.8560063643595863,0.8560063643595863,0.8560063643595863,1076,181,181,0.7442922374429224,111,0.8177434908389585,520,0.7673474436893775,0.6911436427052975,0.7272547805047879,0.8772832518651916,0.9290920237041074,0.9024446723345132,0.8242341161044224,13640,1908,1041,189,2.675424346228893,7.931919097900384,21518,0.5347107648849487,0.5,2,1,10.0,2.0,,,,,,,0.88,50.0,0.041666666666666664,60.0,0.7083333333333334,60.0
2,lite_v05,seen_test,tuned,kalman,630,1257,1257,0,0.7828162291169452,0.7828162291169452,0.7828162291169452,0.7828162291169452,984,273,273,0.8607796340493238,0.8607796340493238,0.8607796340493238,0.8607796340493238,1082,175,175,0.7579908675799086,111,0.8572806171648988,520,0.7700153111531856,0.694453337967533,0.7302849445599279,0.883310806461994,0.9348137047885021,0.9083327817856905,0.8341019344792477,13724,1813,957,203,1.4727727978615326,4.354022216796857,21549,0.535371720790863,0.5,2,1,10.0,2.0,10.0,16.0,0.0,40.0,10.0,0.5,0.93,50.0,0.016666666666666666,60.0,0.7,60.0
2,lite_v06,test,tuned,full,2610,5212,5212,0,0.5330007674597084,0.5330007674597084,0.5330007674597084,0.5330007674597084,2778,2434,2434,0.7603607060629317,0.7603607060629317,0.7603607060629317,0.7603607060629317,3963,1249,1249,0.23294117647058823,852,0.678246013667426,1758,0.6679277316744998,0.6330229072616245,0.6500070669722219,0.8040027395175405,0.8424552674385226,0.8227799799082632,0.699104864407452,52827,12878,9879,47,1.9987443606089743,6.3053436279296875,92331,,0.5,2,1,10.0,2.0,,,,,,,,,,,,
2,lite_v06,test,common,full,2610,5212,5212,0,0.4790867229470453,0.4790867229470453,0.4790867229470453,0.4790867229470453,2497,2715,2715,0.7530698388334612,0.7530698388334612,0.7530698388334611,0.7530698388334612,3925,1287,1287,0.1188235294117647,852,0.6534738041002278,1758,0.6257639073773379,0.6336483271704282,0.6296814374773206,0.8040027395175405,0.8424552674385226,0.8227799799082632,0.699104864407452,52827,12878,9879,47,1.9987443606089743,6.3053436279296875,92331,,0.5,3,0,10.0,2.0,,,,,,,,,,,,
2,lite_v06,test,tuned,static_history,2610,5212,5212,0,0.5176515732924022,0.5176515732924022,0.5176515732924022,0.5176515732924022,2698,2514,2514,0.759976976208749,0.759976976208749,0.759976976208749,0.759976976208749,3961,1251,1251,0.25823529411764706,852,0.6432232346241458,1758,0.6607495742043311,0.629542858898926,0.6447688373408513,0.7968124457704778,0.8347686026855484,0.8153490291980466,0.6884330319596299,52345,13348,10361,42,2.6766826676003235,8.376449584960934,92067,,0.5,2,1,10.0,2.0,,,,,,,,,,,,
2,lite_v06,test,tuned,kalman,2610,5212,5212,0,0.5351112816577129,0.5351112816577129,0.5351112816577129,0.5351112816577129,2789,2423,2423,0.7570990023023791,0.7570990023023791,0.7570990023023791,0.7570990023023791,3946,1266,1266,0.2447058823529412,852,0.6756833712984055,1758,0.6671362986895908,0.6323185431175685,0.6492609652546141,0.8037592268472719,0.8422001084425733,0.8225307800733581,0.6987454889156213,52811,12894,9895,47,1.5801132183473852,4.9404754638671875,92331,,0.5,2,1,10.0,2.0,10.0,16.0,0.0,40.0,10.0,0.5,,,,,,
2,lite_v06,test,tuned,carry,2610,5212,5212,0,0.0034535686876438986,0.0034535686876438986,0.0034535686876438986,0.0034535686876438986,18,5194,5194,0.006907137375287797,0.006907137375287797,0.006907137375287797,0.006907137375287797,36,5176,5176,0.002941176470588235,852,0.003701594533029613,1758,0.20909323731986523,0.13907189427581915,0.16704138327157803,0.40351850140185475,0.41772717124358116,0.4104999216423758,0.2587030851242031,26194,38720,36512,61,3.905730454036077,14.623159790039065,90035,,0.5,2,1,10.0,2.0,,,,,,,,,,,,
2,lite_v06,seen_test,tuned,full,630,1257,1257,0,0.6873508353221957,0.6873508353221957,0.6873508353221957,0.6873508353221957,864,393,393,0.7859984089101034,0.7859984089101034,0.7859984089101035,0.7859984089101034,988,269,269,0.46118721461187207,111,0.7367405978784957,520,0.7270614021846799,0.6661249663068117,0.6952605379819448,0.836523074953594,0.8901982153804237,0.862526399155227,0.7606297402895886,13069,2554,1612,169,2.022282142478055,6.045819091796871,21784,,0.5,2,1,10.0,2.0,,,,,,,1.0,50.0,0.0,60.0,0.6416666666666667,60.0
2,lite_v06,seen_test,common,full,630,1257,1257,0,0.6801909307875895,0.6801909307875895,0.6801909307875895,0.6801909307875895,855,402,402,0.8138424821002387,0.8138424821002387,0.8138424821002387,0.8138424821002387,1023,234,234,0.3515981735159817,111,0.7338476374156221,520,0.678430048206785,0.6678299133931761,0.6730882493137625,0.836523074953594,0.8901982153804237,0.862526399155227,0.7606297402895886,13069,2554,1612,169,2.022282142478055,6.045819091796871,21784,,0.5,3,0,10.0,2.0,,,,,,,0.94,50.0,0.0,60.0,0.525,60.0
2,lite_v06,seen_test,tuned,static_history,630,1257,1257,0,0.6610978520286396,0.6610978520286396,0.6610978520286396,0.6610978520286396,831,426,426,0.7931583134447097,0.7931583134447097,0.7931583134447097,0.7931583134447097,997,260,260,0.4657534246575342,111,0.7049180327868853,520,0.7254942425304763,0.6668921142152768,0.6949599684141489,0.8353717103156816,0.8886315646073156,0.8611789557066474,0.7584008271583663,13046,2571,1635,157,2.6252768952723287,7.9234603881836,21687,,0.5,2,1,10.0,2.0,,,,,,,1.0,50.0,0.0,60.0,0.65,60.0
2,lite_v06,seen_test,tuned,kalman,630,1257,1257,0,0.6841686555290374,0.6841686555290374,0.6841686555290374,0.6841686555290374,860,397,397,0.7828162291169452,0.7828162291169452,0.7828162291169452,0.7828162291169452,984,273,273,0.4429223744292237,111,0.7328833172613307,520,0.7262940682628769,0.6654799358205103,0.6945583528882151,0.8368431159188376,0.8905387916354471,0.8628563885955649,0.7611356974538767,13074,2549,1607,169,1.6245416087172637,4.621165466308592,21784,,0.5,2,1,10.0,2.0,10.0,16.0,0.0,40.0,10.0,0.5,1.0,50.0,0.0,60.0,0.6666666666666666,60.0
