variant,metric,n,mean,std,ci95_low,ci95_high
ufld_baseline,condition_f1_iou50_occlusion,2,0.7411764705882353,0.0074870129772692685,0.673908327867311,0.8084446133091596
ufld_baseline,condition_f1_iou50_transition,2,0.9481776765375853,0.004832164791707609,0.9047623983957584,0.9915929546794122
ufld_baseline,jitter_px,2,1.5131914407762501,0.00859142557586929,1.4360005445445512,1.590382337007949
ufld_baseline_ct,condition_f1_iou50_occlusion,2,0.7720588235294117,0.023708874428019562,0.5590430382464827,0.9850746088123407
ufld_baseline_ct,condition_f1_iou50_transition,2,0.9366457858769932,0.0038254637934352397,0.9022753573480464,0.97101621440594
ufld_baseline_ct,jitter_px,2,1.812074451717424,0.0026017827089433064,1.7886983615296033,1.835450541905245
ufld_v02,condition_f1_iou50_occlusion,2,0.741764705882353,0.0207972582701925,0.5549087538797847,0.9286206578849213
ufld_v02,condition_f1_iou50_transition,2,0.9343678815489749,0.0006040205989635001,0.928940971781246,0.9397947913167037
ufld_v02,jitter_px,2,1.44960693608257,0.01816859832944082,1.2863685566147502,1.61284531555039
ufld_v03,condition_f1_iou50_occlusion,2,0.7708823529411765,0.03452344872851967,0.46070147261691186,1.081063233265441
ufld_v03,condition_f1_iou50_transition,2,0.9376423690205011,0.005234845191016636,0.8906091510335215,0.9846755870074808
ufld_v03,jitter_px,2,1.5772082923258552,0.042599536460883235,1.1944666425923887,1.9599499420593218
ufld_v04,condition_f1_iou50_occlusion,2,0.7655882352941178,0.06114393931436614,0.21623173640656512,1.3149447341816705
ufld_v04,condition_f1_iou50_transition,2,0.9352220956719818,0.005033504991362162,0.8899978476075782,0.9804463437363854
ufld_v04,jitter_px,2,1.4778059923639657,0.1459508807562031,0.16648935557435895,2.7891226291535727
ufld_v06,condition_f1_iou50_occlusion,2,0.7597058823529412,0.03285966806690429,0.464473478188882,1.0549382865170005
ufld_v06,condition_f1_iou50_transition,2,0.9380694760820045,0.0010067009982724481,0.9290246264691236,0.9471143256948854
ufld_v06,jitter_px,2,1.7464020438851082,0.10805284799837682,0.7755857219921827,2.7172183657780336
ufld_v07,condition_f1_iou50_occlusion,2,0.7914705882352941,0.04367424236740441,0.3990730890298992,1.183868087440689
ufld_v07,condition_f1_iou50_transition,2,0.9446184510250569,0.0002013401996544739,0.9428094811024809,0.946427420947633
ufld_v07,jitter_px,2,1.633924133551952,0.11451310965222408,0.6050646635751544,2.6627836035287498
lite_baseline,condition_f1_iou50_occlusion,2,0.05970588235294118,0.002911616157826962,0.033546049072581505,0.08586571563330085
lite_baseline,condition_f1_iou50_transition,2,0.2941343963553531,0.014093813975813841,0.16750650177502474,0.42076229093568146
lite_baseline,jitter_px,2,1.7745435279830226,0.2091106312833341,-0.10424095286882662,3.6533280088348716
lite_baseline_ct,condition_f1_iou50_occlusion,2,0.11941176470588236,0.027452380916654185,-0.12723809193750862,0.36606162134927334
lite_baseline_ct,condition_f1_iou50_transition,2,0.4053246013667426,0.07711329646766735,-0.28751087897991284,1.098160081713398
lite_baseline_ct,jitter_px,2,2.675101078140612,0.11674443973601523,1.626193902758514,3.72400825352271
lite_v05,condition_f1_iou50_occlusion,2,0.43470588235294116,0.03410750356311585,0.12826212106872775,0.7411496436371545
lite_v05,condition_f1_iou50_transition,2,0.8290148063781321,0.0010067009982723696,0.8199699567652519,0.8380596559910123
lite_v05,jitter_px,2,1.8340197991468599,0.0381723688338266,1.4910546723993225,2.176984925894397
lite_v06,condition_f1_iou50_occlusion,2,0.25029411764705883,0.024540764758827233,0.029804094284027416,0.47078414101009025
lite_v06,condition_f1_iou50_transition,2,0.6810933940774487,0.0040268039930896355,0.6449139956259267,0.7172727925289708
lite_v06,jitter_px,2,2.003791502587445,0.007137736637176112,1.939661483276452,2.067921521898438
