variant,params_millions,gmacs,latency_ms,fps,peak_gpu_memory_mb,device,input_frames
ufld_baseline,21.778556,7.11757824,5.273260000103619,189.63601263361755,127.380859375,cuda,1
ufld_baseline_ct,21.778556,7.11757824,5.312163333292119,188.24722382552716,127.380859375,cuda,1
ufld_v02,21.778559,21.329977344,12.517719999596011,79.88675254217807,179.75634765625,cuda,3
ufld_v03,21.914175,21.355966464,12.62147999999191,79.23001106056033,180.2783203125,cuda,3
ufld_v04,21.778559,21.329977344,12.519223333219998,79.87715957957879,179.75634765625,cuda,3
ufld_v06,23.502911,21.777690624,13.50556666632959,74.04354254109725,186.470703125,cuda,3
ufld_v07,22.066108,21.482545152,13.035570000162503,76.71317786545076,180.85498046875,cuda,3
lite_baseline,2.492293,1.984276224,2.5291433334738636,395.3907976526053,40.884765625,cuda,1
lite_baseline_ct,2.492293,1.984276224,2.515953333446911,397.46365193108653,40.884765625,cuda,1
lite_v05,2.839624,5.973993216,9.116986666534407,109.68536387912968,59.09375,cuda,3
lite_v06,2.730309,6.114617088,8.974473333607119,111.42715152489835,58.669921875,cuda,3
